Game_Name,CPU,GPU,VRAM,Mode,Resolution,RAM,FPS
Senua's Saga: Hellblade II,Intel Core i9-14900K,RTX 3070 Ti,8,Ultra,2560x1440,32,40.9
Cyberpunk 2077,Intel Core i9-13900K,RX 6700 XT,12,Ultra,2560x1440,32,45.4
Call of Duty: Black Ops 6,Intel Core i9-14900K,RTX 3090,24,Ultra,3840x2160,32,51.0
God of War Ragnarok,Intel Core i9-14900K,RTX 4070 Super,12,Ultra,1920x1080,32,122.2
DOOM Eternal,Intel Core i9-9900K,RX 5700 XT,8,Ultra,3840x2160,16,71.9
Red Dead Redemption 2,Intel Core i9-9900K,RTX 2060 Super,8,Ultra,2560x1440,16,47.0
Battlefield V,Intel Core i7-8700K,RTX 2080 Ti,11,Ultra,2560x1440,16,133.6
Red Dead Redemption 2,Intel Core i9-9900K,RX 580,8,Ultra,2560x1440,16,16.9
Borderlands 3,Intel Core i9-9900K,RTX 2060,6,Ultra,1920x1080,16,63.1
God of War Ragnarok,Intel Core i9-14900K,RTX 4070 Ti Super,16,Ultra,1920x1080,32,137.6
Watch Dogs Legion,Intel Core i9-9900K,RX 5500 XT,4,Ultra,3840x2160,16,2.4
Senua's Saga: Hellblade II,Intel Core i9-14900K,RX 7600,8,Ultra,2560x1440,32,26.5
DOOM: The Dark Ages,AMD Ryzen 7 9800X3D,Arc B580,12,Ultra,1920x1080,32,53.8
God of War Ragnarok,Intel Core i9-14900K,RX 7600 XT,16,Ultra,1920x1080,32,53.9
Baldur's Gate 3,Intel Core i9-13900K,RTX 3060,12,Ultra,1920x1080,32,84.6
Counter-Strike 2,Intel Core i9-13900K,RTX 3090 Ti,24,Ultra,3840x2160,32,173.5
God of War,AMD Ryzen 7 5800X,RTX 3060 Ti,8,Ultra,2560x1440,16,69.8
Star Wars Outlaws,Intel Core i9-14900K,RTX 4080 Super,16,Ultra,1920x1080,32,127.3
STALKER 2,Intel Core i9-14900K,RTX 4060 Ti,8,Ultra,2560x1440,32,44.1
Star Wars Outlaws,Intel Core i9-14900K,RX 7700 XT,12,Ultra,2560x1440,32,42.9
Star Wars Outlaws,Intel Core i9-14900K,RTX 3070,8,Ultra,3840x2160,32,21.8
God of War,AMD Ryzen 7 5800X,RX 6500 XT,4,Ultra,2560x1440,16,18.3
Red Dead Redemption 2,Intel Core i9-9900K,GTX 1080,8,Ultra,1920x1080,16,43.6
Battlefield V,Intel Core i7-8700K,GTX 1060,6,Ultra,2560x1440,16,54.1
God of War,AMD Ryzen 7 5800X,RTX 2070,8,Ultra,1920x1080,16,68.4
Death Stranding,Intel Core i9-9900K,RTX 2080 Ti,11,Ultra,3840x2160,16,75.8
Cyberpunk 2077,Intel Core i9-13900K,RTX 3090 Ti,24,Ultra,1920x1080,32,130.3
God of War,AMD Ryzen 7 5800X,GTX 1660 Ti,6,Ultra,2560x1440,16,36.0
Cyberpunk 2077,Intel Core i9-13900K,RX 7900 XT,20,Ultra,3840x2160,32,45.2
Counter-Strike 2,Intel Core i9-13900K,RX 6700 XT,12,Ultra,2560x1440,32,152.2
Call of Duty Modern Warfare,Intel Core i9-9900K,GTX 1660 Ti,6,Ultra,2560x1440,16,66.3
God of War,AMD Ryzen 7 5800X,RX 6600,8,Ultra,1920x1080,16,58.9
DOOM: The Dark Ages,AMD Ryzen 7 9800X3D,RX 7800 XT,16,Ultra,1920x1080,32,81.8
Counter-Strike 2,Intel Core i9-13900K,RX 7900 XTX,24,Ultra,2560x1440,32,323.2
Baldur's Gate 3,Intel Core i9-13900K,RX 7900 XT,20,Ultra,2560x1440,32,157.3
Senua's Saga: Hellblade II,Intel Core i9-14900K,RTX 3080,10,Ultra,1920x1080,32,71.1
God of War Ragnarok,Intel Core i9-14900K,RTX 3050,8,Ultra,1920x1080,32,39.4
Death Stranding,Intel Core i9-9900K,GTX 1060,6,Ultra,3840x2160,16,23.6
Star Wars Outlaws,Intel Core i9-14900K,RTX 4090,24,Ultra,3840x2160,32,61.4
Counter-Strike 2,Intel Core i9-13900K,RX 5700 XT,8,Ultra,2560x1440,32,127.8
Borderlands 3,Intel Core i9-9900K,RTX 2080,8,Ultra,2560x1440,16,62.0
Counter-Strike 2,Intel Core i9-13900K,RX 6600,8,Ultra,1920x1080,32,140.6
Red Dead Redemption 2,Intel Core i9-9900K,RX 5700 XT,8,Ultra,2560x1440,16,54.3
Borderlands 3,Intel Core i9-9900K,GTX 1080 Ti,11,Ultra,2560x1440,16,59.1
Cyberpunk 2077,Intel Core i9-13900K,RTX 4060 Ti,16,Ultra,3840x2160,32,24.0
Borderlands 3,Intel Core i9-9900K,GTX 1060,3,Ultra,1920x1080,16,35.4
Far Cry 6,AMD Ryzen 7 5800X,RX 6800 XT,16,Ultra,2560x1440,16,116.5
Baldur's Gate 3,Intel Core i9-13900K,Arc A750,8,Ultra,1920x1080,32,83.1
STALKER 2,Intel Core i9-14900K,RX 6700 XT,12,Ultra,1920x1080,32,48.4
Senua's Saga: Hellblade II,Intel Core i9-14900K,RX 6600,8,Ultra,2560x1440,32,20.1
STALKER 2,Intel Core i9-14900K,RTX 2080 Ti,11,Ultra,3840x2160,32,25.0
Senua's Saga: Hellblade II,Intel Core i9-14900K,RTX 4070,12,Ultra,3840x2160,32,27.0
Watch Dogs Legion,Intel Core i9-9900K,GTX 1650 Super,4,Ultra,2560x1440,16,15.5
Star Wars Outlaws,Intel Core i9-14900K,RX 5700 XT,8,Ultra,2560x1440,32,20.1
Watch Dogs Legion,Intel Core i9-9900K,GTX 1080,8,Ultra,3840x2160,16,19.9
Star Wars Outlaws,Intel Core i9-14900K,RTX 4060 Ti,8,Ultra,1920x1080,32,62.8
Call of Duty WWII,Intel Core i7-7700K,GTX 1070,8,Ultra,2560x1440,16,70.5
Senua's Saga: Hellblade II,Intel Core i9-14900K,RTX 3080,10,Ultra,3840x2160,32,28.7
Far Cry 6,AMD Ryzen 7 5800X,GTX 1080 Ti,11,Ultra,3840x2160,16,39.8
Far Cry 6,AMD Ryzen 7 5800X,GTX 1070,8,Ultra,1920x1080,16,61.1
Baldur's Gate 3,Intel Core i9-13900K,RX 6500 XT,4,Ultra,1920x1080,32,46.9
Far Cry 6,AMD Ryzen 7 5800X,RX 5500 XT,4,Ultra,2560x1440,16,39.6
Cyberpunk 2077,Intel Core i9-13900K,RTX 4090,24,Ultra,3840x2160,32,69.3
Borderlands 3,Intel Core i9-9900K,RX 590,8,Ultra,2560x1440,16,29.9
Call of Duty Modern Warfare,Intel Core i9-9900K,RX 570,4,Ultra,1920x1080,16,61.2
Call of Duty: Black Ops 6,Intel Core i9-14900K,RTX 4090,24,Ultra,2560x1440,32,175.0
DOOM: The Dark Ages,AMD Ryzen 7 9800X3D,RTX 4090,24,Ultra,3840x2160,32,67.6
DOOM Eternal,Intel Core i9-9900K,RTX 2070 Super,8,Ultra,1920x1080,16,197.2
DOOM Eternal,Intel Core i9-9900K,RTX 2060 Super,8,Ultra,2560x1440,16,116.8
Borderlands 3,Intel Core i9-9900K,RX 580,8,Ultra,1920x1080,16,39.2
God of War,AMD Ryzen 7 5800X,RX 580,8,Ultra,3840x2160,16,17.3
Dying Light 2,AMD Ryzen 7 5800X,RTX 2080 Ti,11,Ultra,1920x1080,16,109.8
DOOM Eternal,Intel Core i9-9900K,Radeon VII,16,Ultra,1920x1080,16,165.1
DOOM Eternal,Intel Core i9-9900K,RX Vega 64,8,Ultra,2560x1440,16,99.4
DOOM Eternal,Intel Core i9-9900K,RX Vega 56,8,Ultra,1920x1080,16,125.9
DOOM Eternal,Intel Core i9-9900K,GTX 1660,6,Ultra,3840x2160,16,40.8
Call of Duty: Black Ops 6,Intel Core i9-14900K,RX 7800 XT,16,Ultra,3840x2160,32,60.0
Senua's Saga: Hellblade II,Intel Core i9-14900K,RX 6600 XT,8,Ultra,2560x1440,32,23.5
Senua's Saga: Hellblade II,Intel Core i9-14900K,RTX 4080 Super,16,Ultra,1920x1080,32,101.1
Red Dead Redemption 2,Intel Core i9-9900K,RTX 2070,8,Ultra,2560x1440,16,48.4
DOOM: The Dark Ages,AMD Ryzen 7 9800X3D,RX 7600,8,Ultra,2560x1440,32,28.2
God of War,AMD Ryzen 7 5800X,RTX 2060,6,Ultra,1920x1080,16,57.6
Baldur's Gate 3,Intel Core i9-13900K,RTX 3080,10,Ultra,3840x2160,32,73.2
Call of Duty Modern Warfare,Intel Core i9-9900K,GTX 1660,6,Ultra,2560x1440,16,59.3
God of War,AMD Ryzen 7 5800X,RTX 2080 Ti,11,Ultra,1920x1080,16,103.8
God of War Ragnarok,Intel Core i9-14900K,RTX 4070,12,Ultra,2560x1440,32,82.6
God of War Ragnarok,Intel Core i9-14900K,RTX 3060,12,Ultra,1920x1080,32,55.3
STALKER 2,Intel Core i9-14900K,RX 7800 XT,16,Ultra,3840x2160,32,29.9
Watch Dogs Legion,Intel Core i9-9900K,GTX 1070,8,Ultra,2560x1440,16,29.1
Call of Duty Modern Warfare,Intel Core i9-9900K,RTX 2060 Super,8,Ultra,1920x1080,16,120.2
Senua's Saga: Hellblade II,Intel Core i9-14900K,RTX 4070 Ti,12,Ultra,2560x1440,32,63.6
Watch Dogs Legion,Intel Core i9-9900K,RTX 2070 Super,8,Ultra,3840x2160,16,28.4
Call of Duty Modern Warfare,Intel Core i9-9900K,RX 590,8,Ultra,2560x1440,16,57.2
Watch Dogs Legion,Intel Core i9-9900K,RX 5600 XT,6,Ultra,2560x1440,16,17.1
God of War,AMD Ryzen 7 5800X,RX 5500 XT,4,Ultra,1920x1080,16,19.1
Counter-Strike 2,Intel Core i9-13900K,Arc A770,16,Ultra,1920x1080,32,151.7
Counter-Strike 2,Intel Core i9-13900K,RTX 4060,8,Ultra,1920x1080,32,218.7
STALKER 2,Intel Core i9-14900K,RTX 3060,12,Ultra,2560x1440,32,30.8
Elden Ring,AMD Ryzen 7 5800X,GTX 1080 Ti,11,Ultra,2560x1440,16,59.9
Senua's Saga: Hellblade II,Intel Core i9-14900K,RTX 4060 Ti,16,Ultra,1920x1080,32,55.7
Star Wars Outlaws,Intel Core i9-14900K,RTX 4060 Ti,8,Ultra,3840x2160,32,12.9
Cyberpunk 2077,Intel Core i9-13900K,RTX 3070 Ti,8,Ultra,1920x1080,32,87.2
Baldur's Gate 3,Intel Core i9-13900K,RTX 3050,8,Ultra,2560x1440,32,43.7
Far Cry 6,AMD Ryzen 7 5800X,RX 5500 XT,4,Ultra,3840x2160,16,4.9
DOOM Eternal,Intel Core i9-9900K,RTX 2080 Super,8,Ultra,3840x2160,16,87.3
STALKER 2,Intel Core i9-14900K,RTX 4080,16,Ultra,2560x1440,32,84.2
Star Wars Outlaws,Intel Core i9-14900K,RTX 3060,12,Ultra,3840x2160,32,9.3
Borderlands 3,Intel Core i9-9900K,GTX 1060,3,Ultra,2560x1440,16,23.8
Death Stranding,Intel Core i9-9900K,GTX 1060,3,Ultra,2560x1440,16,38.2
STALKER 2,Intel Core i9-14900K,RX 6700 XT,12,Ultra,3840x2160,32,19.4
Star Wars Outlaws,Intel Core i9-14900K,RTX 3050,8,Ultra,2560x1440,32,18.2
Senua's Saga: Hellblade II,Intel Core i9-14900K,RTX 3090 Ti,24,Ultra,3840x2160,32,37.1
Dying Light 2,AMD Ryzen 7 5800X,RTX 3070,8,Ultra,3840x2160,16,50.0
STALKER 2,Intel Core i9-14900K,RX 7700 XT,12,Ultra,3840x2160,32,25.3
Call of Duty: Black Ops 6,Intel Core i9-14900K,RTX 4070,12,Ultra,2560x1440,32,85.0
Watch Dogs 2,Intel Core i7-6700K,GTX 970,4,Ultra,2560x1440,16,29.3
God of War Ragnarok,Intel Core i9-14900K,RTX 4060,8,Ultra,2560x1440,32,48.8
DOOM: The Dark Ages,AMD Ryzen 7 9800X3D,RTX 4070 Ti,12,Ultra,2560x1440,32,76.9
Watch Dogs Legion,Intel Core i9-9900K,RX Vega 56,8,Ultra,2560x1440,16,33.9
God of War,AMD Ryzen 7 5800X,GTX 1070,8,Ultra,1920x1080,16,46.3
Star Wars Outlaws,Intel Core i9-14900K,RTX 2080 Ti,11,Ultra,1920x1080,32,42.1
DOOM Eternal,Intel Core i9-9900K,GTX 1080,8,Ultra,1920x1080,16,136.2
Cyberpunk 2077,Intel Core i9-9900K,RX 5600 XT,6,Ultra,1920x1080,16,47.1
Counter-Strike 2,Intel Core i9-13900K,RX 7700 XT,12,Ultra,3840x2160,32,77.3
Red Dead Redemption 2,Intel Core i9-9900K,GTX 1070 Ti,8,Ultra,2560x1440,16,21.6
Counter-Strike 2,Intel Core i9-13900K,RX 6400,4,Ultra,2560x1440,32,47.8
Dying Light 2,AMD Ryzen 7 5800X,RTX 3090,24,Ultra,3840x2160,16,73.9
God of War,AMD Ryzen 7 5800X,RTX 3090,24,Ultra,2560x1440,16,112.3
DOOM: The Dark Ages,AMD Ryzen 7 9800X3D,RX 6800 XT,16,Ultra,1920x1080,32,73.6
God of War,AMD Ryzen 7 5800X,RX 6800 XT,16,Ultra,2560x1440,16,96.5
Counter-Strike 2,Intel Core i9-13900K,RTX 4080,16,Ultra,3840x2160,32,182.0
Death Stranding,Intel Core i9-9900K,RTX 2070 Super,8,Ultra,2560x1440,16,97.9
Star Wars Outlaws,Intel Core i9-14900K,RTX 3070,8,Ultra,2560x1440,32,40.5
Grand Theft Auto V,Intel Core i7-4770K,GTX 960,2,Ultra,2560x1440,16,51.7
DOOM Eternal,Intel Core i9-9900K,GTX 1060,6,Ultra,1920x1080,16,76.8
Senua's Saga: Hellblade II,Intel Core i9-14900K,RX 7900 XT,20,Ultra,2560x1440,32,64.3
Star Wars Outlaws,Intel Core i9-14900K,RX 7600 XT,16,Ultra,3840x2160,32,13.8
Star Wars Outlaws,Intel Core i9-14900K,RX 6800 XT,16,Ultra,2560x1440,32,45.4
Senua's Saga: Hellblade II,Intel Core i9-14900K,RX 7600 XT,16,Ultra,3840x2160,32,16.0
God of War Ragnarok,Intel Core i9-14900K,RTX 4070,12,Ultra,1920x1080,32,105.3
Red Dead Redemption 2,Intel Core i9-9900K,RTX 2080,8,Ultra,1920x1080,16,74.6
Red Dead Redemption 2,Intel Core i9-9900K,RTX 2070 Super,8,Ultra,1920x1080,16,70.8
Death Stranding,Intel Core i9-9900K,RX 5700 XT,8,Ultra,1920x1080,16,132.9
STALKER 2,Intel Core i9-14900K,RTX 3060,12,Ultra,3840x2160,32,17.0
Red Dead Redemption 2,Intel Core i9-9900K,Radeon VII,16,Ultra,2560x1440,16,36.0
Senua's Saga: Hellblade II,Intel Core i9-14900K,RX 6900 XT,16,Ultra,3840x2160,32,29.1
Death Stranding,Intel Core i9-9900K,RX 5600 XT,6,Ultra,3840x2160,16,44.1
Counter-Strike 2,Intel Core i9-13900K,RX 6800,16,Ultra,2560x1440,32,207.7
Call of Duty WWII,Intel Core i7-7700K,RX 580,8,Ultra,2560x1440,16,52.1
Battlefield V,Intel Core i7-8700K,RTX 2070,8,Ultra,1920x1080,16,112.3
Call of Duty WWII,Intel Core i7-7700K,GTX 1070 Ti,8,Ultra,2560x1440,16,82.2
Star Wars Outlaws,Intel Core i9-14900K,RTX 3060 Ti,8,Ultra,3840x2160,32,14.1
Senua's Saga: Hellblade II,Intel Core i9-14900K,RTX 4080,16,Ultra,2560x1440,32,74.8
Senua's Saga: Hellblade II,Intel Core i9-14900K,RX 5700 XT,8,Ultra,1920x1080,32,36.8
Baldur's Gate 3,Intel Core i9-13900K,RX 6600 XT,8,Ultra,2560x1440,32,67.0
Cyberpunk 2077,Intel Core i9-13900K,RTX 3090 Ti,24,Ultra,3840x2160,32,48.0
Call of Duty Modern Warfare,Intel Core i9-9900K,RX 5700 XT,8,Ultra,1920x1080,16,140.3
God of War Ragnarok,Intel Core i9-14900K,RX 6600,8,Ultra,2560x1440,32,35.4
DOOM: The Dark Ages,AMD Ryzen 7 9800X3D,RTX 4080 Super,16,Ultra,2560x1440,32,96.6
DOOM: The Dark Ages,AMD Ryzen 7 9800X3D,RTX 4070 Ti Super,16,Ultra,2560x1440,32,84.4
Elden Ring,AMD Ryzen 7 5800X,RTX 2080,8,Ultra,1920x1080,16,58.9
DOOM Eternal,Intel Core i9-9900K,RTX 2080,8,Ultra,2560x1440,16,151.7
Star Wars Outlaws,Intel Core i9-14900K,RTX 3090,24,Ultra,2560x1440,32,60.8
Watch Dogs Legion,Intel Core i9-9900K,RX 5600 XT,6,Ultra,3840x2160,16,6.8
Borderlands 3,Intel Core i9-9900K,GTX 1070 Ti,8,Ultra,1920x1080,16,64.4
Elden Ring,AMD Ryzen 7 5800X,RX 6500 XT,4,Ultra,1920x1080,16,52.7
Watch Dogs Legion,Intel Core i9-9900K,GTX 1070,8,Ultra,1920x1080,16,40.2
Senua's Saga: Hellblade II,Intel Core i9-14900K,RX 7900 GRE,16,Ultra,2560x1440,32,56.1
STALKER 2,Intel Core i9-14900K,RX 7800 XT,16,Ultra,2560x1440,32,52.4
DOOM Eternal,Intel Core i9-9900K,GTX 1080,8,Ultra,3840x2160,16,50.5
Dying Light 2,AMD Ryzen 7 5800X,RX 580,8,Ultra,3840x2160,16,14.6
Far Cry 6,AMD Ryzen 7 5800X,RTX 2080,8,Ultra,1920x1080,16,107.0
Death Stranding,Intel Core i9-9900K,GTX 1070 Ti,8,Ultra,1920x1080,16,86.8
Call of Duty Modern Warfare,Intel Core i9-9900K,GTX 1080 Ti,11,Ultra,2560x1440,16,88.8
Death Stranding,Intel Core i9-9900K,RX 5500 XT,4,Ultra,2560x1440,16,53.9
Senua's Saga: Hellblade II,Intel Core i9-14900K,Arc A750,8,Ultra,1920x1080,32,33.0
Watch Dogs Legion,Intel Core i9-9900K,RTX 2080,8,Ultra,1920x1080,16,65.3
Baldur's Gate 3,Intel Core i9-13900K,RX 5700 XT,8,Ultra,3840x2160,32,34.8
God of War Ragnarok,Intel Core i9-14900K,RX 7800 XT,16,Ultra,2560x1440,32,73.4
Watch Dogs Legion,Intel Core i9-9900K,RTX 3080,10,Ultra,1920x1080,16,87.6
Cyberpunk 2077,Intel Core i9-9900K,GTX 1060,3,Ultra,1920x1080,16,23.1
God of War,AMD Ryzen 7 5800X,RX 6500 XT,4,Ultra,3840x2160,16,8.1
STALKER 2,Intel Core i9-14900K,RTX 3080,10,Ultra,2560x1440,32,57.3
Star Wars Outlaws,Intel Core i9-14900K,Arc A770,16,Ultra,1920x1080,32,39.3
Cyberpunk 2077,Intel Core i9-13900K,RTX 4060,8,Ultra,1920x1080,32,61.9
Far Cry 6,AMD Ryzen 7 5800X,RTX 3060,12,Ultra,2560x1440,16,72.8
Dying Light 2,AMD Ryzen 7 5800X,RTX 3060,12,Ultra,1920x1080,16,81.3
Counter-Strike 2,Intel Core i9-13900K,RTX 3080,10,Ultra,1920x1080,32,370.2
Red Dead Redemption 2,Intel Core i9-9900K,GTX 1080 Ti,11,Ultra,2560x1440,16,44.2
Borderlands 3,Intel Core i9-9900K,RTX 2080 Ti,11,Ultra,2560x1440,16,78.5
Call of Duty Modern Warfare,Intel Core i9-9900K,GTX 1060,6,Ultra,1920x1080,16,59.1
Battlefield V,Intel Core i7-8700K,GTX 970,4,Ultra,2560x1440,16,38.8
Call of Duty: Black Ops 6,Intel Core i9-14900K,RTX 4070 Ti,12,Ultra,1920x1080,32,161.0
God of War,AMD Ryzen 7 5800X,RX 6800 XT,16,Ultra,1920x1080,16,113.7
Watch Dogs 2,Intel Core i7-6700K,GTX 980 Ti,6,Ultra,1920x1080,16,61.3
Death Stranding,Intel Core i9-9900K,GTX 1660 Ti,6,Ultra,2560x1440,16,65.1
Call of Duty Modern Warfare,Intel Core i9-9900K,GTX 1070,8,Ultra,1920x1080,16,80.7
Death Stranding,Intel Core i9-9900K,RTX 2070 Super,8,Ultra,3840x2160,16,56.9
Dying Light 2,AMD Ryzen 7 5800X,RX 6800 XT,16,Ultra,3840x2160,16,65.3
DOOM: The Dark Ages,AMD Ryzen 7 9800X3D,RX 6900 XT,16,Ultra,2560x1440,32,53.8
God of War Ragnarok,Intel Core i9-14900K,RTX 3070,8,Ultra,3840x2160,32,41.7
Elden Ring,AMD Ryzen 7 5800X,RX 6700 XT,12,Ultra,2560x1440,16,59.4
Watch Dogs Legion,Intel Core i9-9900K,GTX 1660 Super,6,Ultra,2560x1440,16,26.3
God of War Ragnarok,Intel Core i9-14900K,RTX 4060 Ti,16,Ultra,2560x1440,32,62.6
Watch Dogs 2,Intel Core i7-6700K,GTX 1080,8,Ultra,2560x1440,16,56.8
Elden Ring,AMD Ryzen 7 5800X,RX 580,8,Ultra,3840x2160,16,20.8
Elden Ring,AMD Ryzen 7 5800X,RX 5600 XT,6,Ultra,2560x1440,16,50.1
Far Cry 6,AMD Ryzen 7 5800X,RX 6600 XT,8,Ultra,3840x2160,16,40.0
Call of Duty: Black Ops 6,Intel Core i9-14900K,RTX 2080 Ti,11,Ultra,1920x1080,32,74.0
God of War,AMD Ryzen 7 5800X,RTX 2060,6,Ultra,2560x1440,16,45.0
Death Stranding,Intel Core i9-9900K,RX 570,4,Ultra,1920x1080,16,59.0
Call of Duty Modern Warfare,Intel Core i9-9900K,RTX 2080,8,Ultra,1920x1080,16,152.4
DOOM Eternal,Intel Core i9-9900K,GTX 1060,3,Ultra,2560x1440,16,42.9
DOOM: The Dark Ages,AMD Ryzen 7 9800X3D,Arc A770,16,Ultra,1920x1080,32,46.1
Star Wars Outlaws,Intel Core i9-14900K,RTX 3090 Ti,24,Ultra,2560x1440,32,68.9
Battlefield V,Intel Core i7-8700K,RTX 2080,8,Ultra,1920x1080,16,138.0
Elden Ring,AMD Ryzen 7 5800X,RX 6800,16,Ultra,3840x2160,16,58.8
Death Stranding,Intel Core i9-9900K,RX 5700,8,Ultra,1920x1080,16,113.8
STALKER 2,Intel Core i9-14900K,RTX 4070 Ti Super,16,Ultra,3840x2160,32,43.5
DOOM: The Dark Ages,AMD Ryzen 7 9800X3D,RX 6700 XT,12,Ultra,1920x1080,32,49.3
STALKER 2,Intel Core i9-14900K,RTX 4060 Ti,16,Ultra,1920x1080,32,61.5
Watch Dogs 2,Intel Core i7-6700K,RX 480,8,Ultra,1920x1080,16,44.6
STALKER 2,Intel Core i9-14900K,RTX 4060 Ti,8,Ultra,1920x1080,32,61.9
Elden Ring,AMD Ryzen 7 5800X,RTX 2080,8,Ultra,3840x2160,16,45.4
DOOM: The Dark Ages,AMD Ryzen 7 9800X3D,RX 6800,16,Ultra,3840x2160,32,21.4
Cyberpunk 2077,Intel Core i9-9900K,RX 5500 XT,4,Ultra,3840x2160,16,5.6
Senua's Saga: Hellblade II,Intel Core i9-14900K,RX 7900 GRE,16,Ultra,3840x2160,32,31.8
DOOM: The Dark Ages,AMD Ryzen 7 9800X3D,RX 9070 XT,16,Ultra,1920x1080,32,128.5
Cyberpunk 2077,Intel Core i9-13900K,RTX 3090,24,Ultra,3840x2160,32,41.8
Watch Dogs Legion,Intel Core i9-9900K,GTX 1080 Ti,11,Ultra,2560x1440,16,44.6
DOOM Eternal,Intel Core i9-9900K,GTX 1660 Ti,6,Ultra,1920x1080,16,120.9
Watch Dogs Legion,Intel Core i9-9900K,RX 590,8,Ultra,1920x1080,16,34.5
Grand Theft Auto V,Intel Core i7-4770K,GTX 980,4,Ultra,2560x1440,16,87.9
Borderlands 3,Intel Core i9-9900K,GTX 1660 Ti,6,Ultra,1920x1080,16,52.6
Baldur's Gate 3,Intel Core i9-13900K,RX 7600,8,Ultra,2560x1440,32,71.2
God of War Ragnarok,Intel Core i9-14900K,RTX 3060,12,Ultra,3840x2160,32,26.4
Red Dead Redemption 2,Intel Core i9-9900K,GTX 1660 Ti,6,Ultra,2560x1440,16,21.2
STALKER 2,Intel Core i9-14900K,RX 7600,8,Ultra,2560x1440,32,30.9
Senua's Saga: Hellblade II,Intel Core i9-14900K,RTX 4060,8,Ultra,3840x2160,32,11.4
STALKER 2,Intel Core i9-14900K,RX 6900 XT,16,Ultra,3840x2160,32,29.5
Dying Light 2,AMD Ryzen 7 5800X,RX 580,8,Ultra,1920x1080,16,45.0
Battlefield V,Intel Core i7-8700K,RTX 2070,8,Ultra,2560x1440,16,90.9
Star Wars Outlaws,Intel Core i9-14900K,Arc A770,16,Ultra,2560x1440,32,27.0
Senua's Saga: Hellblade II,Intel Core i9-14900K,RTX 3070 Ti,8,Ultra,1920x1080,32,58.5
Baldur's Gate 3,Intel Core i9-13900K,RX 6500 XT,4,Ultra,3840x2160,32,17.5
Senua's Saga: Hellblade II,Intel Core i9-14900K,RTX 3080,10,Ultra,2560x1440,32,50.7
Battlefield V,Intel Core i7-8700K,GTX 1070,8,Ultra,2560x1440,16,71.0
Dying Light 2,AMD Ryzen 7 5800X,RTX 3080,10,Ultra,2560x1440,16,111.0
Elden Ring,AMD Ryzen 7 5800X,RTX 2080,8,Ultra,2560x1440,16,59.8
Elden Ring,AMD Ryzen 7 5800X,RX 5500 XT,4,Ultra,1920x1080,16,47.6
Cyberpunk 2077,Intel Core i9-13900K,RX 7600,8,Ultra,1920x1080,32,63.3
Dying Light 2,AMD Ryzen 7 5800X,RTX 3060,12,Ultra,2560x1440,16,56.7
Senua's Saga: Hellblade II,Intel Core i9-14900K,RX 6800 XT,16,Ultra,1920x1080,32,68.8
God of War Ragnarok,Intel Core i9-14900K,RTX 4060 Ti,8,Ultra,3840x2160,32,39.0
Battlefield V,Intel Core i7-8700K,GTX 1080 Ti,11,Ultra,1920x1080,16,135.0
Counter-Strike 2,Intel Core i9-13900K,RX 6800 XT,16,Ultra,3840x2160,32,126.9
DOOM: The Dark Ages,AMD Ryzen 7 9800X3D,RTX 5070 Ti,16,Ultra,1920x1080,32,118.9
Elden Ring,AMD Ryzen 7 5800X,RX 5600 XT,6,Ultra,3840x2160,16,29.9
Cyberpunk 2077,Intel Core i9-13900K,RTX 3090 Ti,24,Ultra,2560x1440,32,90.7
Star Wars Outlaws,Intel Core i9-14900K,RTX 4070 Ti,12,Ultra,2560x1440,32,68.5
DOOM: The Dark Ages,AMD Ryzen 7 9800X3D,RTX 5090,32,Ultra,2560x1440,32,138.2
God of War,AMD Ryzen 7 5800X,RTX 2080 Ti,11,Ultra,2560x1440,16,82.6
Cyberpunk 2077,Intel Core i9-9900K,RTX 2080 Ti,11,Ultra,2560x1440,16,58.3
DOOM Eternal,Intel Core i9-9900K,RTX 2080 Super,8,Ultra,2560x1440,16,162.6
Counter-Strike 2,Intel Core i9-13900K,RX Vega 64,8,Ultra,2560x1440,32,78.4
Watch Dogs Legion,Intel Core i9-9900K,GTX 1070 Ti,8,Ultra,1920x1080,16,45.7
God of War Ragnarok,Intel Core i9-14900K,Arc A770,16,Ultra,2560x1440,32,24.1
Borderlands 3,Intel Core i9-9900K,GTX 1070,8,Ultra,2560x1440,16,36.8
God of War,AMD Ryzen 7 5800X,RTX 3080,10,Ultra,3840x2160,16,70.3
DOOM: The Dark Ages,AMD Ryzen 7 9800X3D,RTX 5060 Ti,16,Ultra,1920x1080,32,76.1
Baldur's Gate 3,Intel Core i9-13900K,RTX 2080 Ti,11,Ultra,2560x1440,32,94.1
Far Cry 6,AMD Ryzen 7 5800X,RX 6800,16,Ultra,2560x1440,16,106.9
DOOM Eternal,Intel Core i9-9900K,RX 5700 XT,8,Ultra,2560x1440,16,130.8
God of War Ragnarok,Intel Core i9-14900K,RTX 3080,10,Ultra,3840x2160,32,55.1
Red Dead Redemption 2,Intel Core i9-9900K,RTX 2080 Super,8,Ultra,2560x1440,16,38.5
DOOM: The Dark Ages,AMD Ryzen 7 9800X3D,RX 9070,16,Ultra,3840x2160,32,42.9
Dying Light 2,AMD Ryzen 7 5800X,GTX 1660 Ti,6,Ultra,1920x1080,16,52.9
Call of Duty: Black Ops 6,Intel Core i9-14900K,Arc A770,16,Ultra,2560x1440,32,44.0
Counter-Strike 2,Intel Core i9-13900K,RTX 2070,8,Ultra,1920x1080,32,204.2
Watch Dogs Legion,Intel Core i9-9900K,GTX 1660,6,Ultra,3840x2160,16,12.3
STALKER 2,Intel Core i9-14900K,Arc A750,8,Ultra,2560x1440,32,27.7
Elden Ring,AMD Ryzen 7 5800X,GTX 1070,8,Ultra,2560x1440,16,48.0
God of War Ragnarok,Intel Core i9-14900K,RTX 4070 Ti,12,Ultra,1920x1080,32,131.2
Counter-Strike 2,Intel Core i9-13900K,RX 6400,4,Ultra,1920x1080,32,69.6
Star Wars Outlaws,Intel Core i9-14900K,RTX 4070 Super,12,Ultra,2560x1440,32,61.8
Elden Ring,AMD Ryzen 7 5800X,RTX 3060,12,Ultra,1920x1080,16,59.0
DOOM Eternal,Intel Core i9-9900K,RTX 2060,6,Ultra,1920x1080,16,142.9
Elden Ring,AMD Ryzen 7 5800X,RTX 3060 Ti,8,Ultra,1920x1080,16,59.1
Senua's Saga: Hellblade II,Intel Core i9-14900K,RTX 4080 Super,16,Ultra,3840x2160,32,43.9
Far Cry 6,AMD Ryzen 7 5800X,RTX 3070,8,Ultra,2560x1440,16,103.5
Cyberpunk 2077,Intel Core i9-13900K,RTX 4060 Ti,8,Ultra,3840x2160,32,25.1
Counter-Strike 2,Intel Core i9-13900K,RX 6600,8,Ultra,2560x1440,32,100.1
Senua's Saga: Hellblade II,Intel Core i9-14900K,RTX 4060 Ti,8,Ultra,2560x1440,32,38.8
Star Wars Outlaws,Intel Core i9-14900K,RTX 3080,10,Ultra,1920x1080,32,80.4
Dying Light 2,AMD Ryzen 7 5800X,RX 6600 XT,8,Ultra,1920x1080,16,87.2
Red Dead Redemption 2,Intel Core i9-9900K,Radeon VII,16,Ultra,2560x1440,16,55.1
Cyberpunk 2077,Intel Core i9-9900K,GTX 1060,3,Ultra,3840x2160,16,5.5
Call of Duty WWII,Intel Core i7-7700K,GTX 1080 Ti,11,Ultra,1920x1080,16,146.3
Cyberpunk 2077,Intel Core i9-13900K,RTX 3060,12,Ultra,1920x1080,32,54.6
God of War Ragnarok,Intel Core i9-14900K,RX 6600,8,Ultra,3840x2160,32,18.2
Watch Dogs Legion,Intel Core i9-9900K,GTX 1070 Ti,8,Ultra,2560x1440,16,33.7
Watch Dogs Legion,Intel Core i9-9900K,RX 5700 XT,8,Ultra,2560x1440,16,44.0
Senua's Saga: Hellblade II,Intel Core i9-14900K,Arc A770,16,Ultra,1920x1080,32,35.7
Call of Duty: Black Ops 6,Intel Core i9-14900K,RTX 4090,24,Ultra,3840x2160,32,102.0
God of War,AMD Ryzen 7 5800X,GTX 1660 Ti,6,Ultra,1920x1080,16,45.9
God of War Ragnarok,Intel Core i9-14900K,RX 7600,8,Ultra,3840x2160,32,19.5
Watch Dogs Legion,Intel Core i9-9900K,RX 5700,8,Ultra,3840x2160,16,22.1
Cyberpunk 2077,Intel Core i9-13900K,RX 6900 XT,16,Ultra,3840x2160,32,35.4
Cyberpunk 2077,Intel Core i9-9900K,GTX 1080,8,Ultra,1920x1080,16,45.3
Call of Duty WWII,Intel Core i7-7700K,RX 480,8,Ultra,1920x1080,16,63.5
Elden Ring,AMD Ryzen 7 5800X,RTX 2060,6,Ultra,3840x2160,16,31.4
Elden Ring,AMD Ryzen 7 5800X,RTX 2080 Ti,11,Ultra,1920x1080,16,59.4
STALKER 2,Intel Core i9-14900K,RTX 4070 Super,12,Ultra,2560x1440,32,63.8
DOOM: The Dark Ages,AMD Ryzen 7 9800X3D,RTX 3090 Ti,24,Ultra,1920x1080,32,104.5
DOOM Eternal,Intel Core i9-9900K,RX 5600 XT,6,Ultra,1920x1080,16,139.3
DOOM Eternal,Intel Core i9-9900K,GTX 1080,8,Ultra,2560x1440,16,92.6
Battlefield V,Intel Core i7-8700K,GTX 1080,8,Ultra,1920x1080,16,108.7
STALKER 2,Intel Core i9-14900K,RTX 4070,12,Ultra,3840x2160,32,31.8
Star Wars Outlaws,Intel Core i9-14900K,RX 7800 XT,16,Ultra,1920x1080,32,73.4
Elden Ring,AMD Ryzen 7 5800X,RTX 3090,24,Ultra,1920x1080,16,60.0
God of War,AMD Ryzen 7 5800X,RX 6800 XT,16,Ultra,3840x2160,16,62.0
Watch Dogs 2,Intel Core i7-6700K,GTX 1060,6,Ultra,1920x1080,16,51.2
DOOM Eternal,Intel Core i9-9900K,RTX 2070 Super,8,Ultra,2560x1440,16,138.6
Watch Dogs 2,Intel Core i7-6700K,GTX 1070,8,Ultra,2560x1440,16,46.2
Counter-Strike 2,Intel Core i9-13900K,RX 580,8,Ultra,1920x1080,32,77.6
God of War,AMD Ryzen 7 5800X,RTX 3080 Ti,12,Ultra,1920x1080,16,127.6
Baldur's Gate 3,Intel Core i9-13900K,RX 6500 XT,4,Ultra,2560x1440,32,33.0
Counter-Strike 2,Intel Core i9-13900K,RTX 3060 Ti,8,Ultra,3840x2160,32,92.0
Baldur's Gate 3,Intel Core i9-13900K,RX 6700 XT,12,Ultra,2560x1440,32,83.3
Call of Duty: Black Ops 6,Intel Core i9-14900K,RX 7900 XTX,24,Ultra,1920x1080,32,213.0
Elden Ring,AMD Ryzen 7 5800X,RTX 2060,6,Ultra,1920x1080,16,58.7
Elden Ring,AMD Ryzen 7 5800X,RX 6600,8,Ultra,3840x2160,16,32.4
Far Cry 6,AMD Ryzen 7 5800X,RTX 3080 Ti,12,Ultra,3840x2160,16,83.4
Elden Ring,AMD Ryzen 7 5800X,RTX 2060,6,Ultra,2560x1440,16,54.1
Borderlands 3,Intel Core i9-9900K,RX Vega 56,8,Ultra,1920x1080,16,54.7
God of War Ragnarok,Intel Core i9-14900K,RX 6800 XT,16,Ultra,1920x1080,32,84.3
Zenless Zone Zero,AMD Ryzen 5 5600G,RTX 3060,12,Ultra,1920x1080,16,67.0
Far Cry 6,AMD Ryzen 7 5800X,GTX 1080 Ti,11,Ultra,2560x1440,16,62.6
Star Wars Outlaws,Intel Core i9-14900K,RX 7900 XT,20,Ultra,1920x1080,32,96.5
Baldur's Gate 3,Intel Core i9-13900K,RX 5700 XT,8,Ultra,1920x1080,32,84.0
Call of Duty: Black Ops 6,Intel Core i9-14900K,RX 6800,16,Ultra,2560x1440,32,90.0
Call of Duty: Black Ops 6,Intel Core i9-14900K,RX 7600,8,Ultra,3840x2160,32,30.0
DOOM Eternal,Intel Core i9-9900K,RTX 2070,8,Ultra,1920x1080,16,172.2
Baldur's Gate 3,Intel Core i9-13900K,RX 6800 XT,16,Ultra,2560x1440,32,124.1
Call of Duty: Black Ops 6,Intel Core i9-14900K,RTX 3070,8,Ultra,1920x1080,32,94.0
Cyberpunk 2077,Intel Core i9-13900K,RX 7800 XT,16,Ultra,3840x2160,32,36.9
Counter-Strike 2,Intel Core i9-13900K,RX 6500 XT,4,Ultra,3840x2160,32,19.5
Call of Duty Modern Warfare,Intel Core i9-9900K,Radeon VII,16,Ultra,1920x1080,16,125.4
Death Stranding,Intel Core i9-9900K,RX 580,8,Ultra,1920x1080,16,66.0
Far Cry 6,AMD Ryzen 7 5800X,RX 6800,16,Ultra,3840x2160,16,67.5
Elden Ring,AMD Ryzen 7 5800X,RTX 3060 Ti,8,Ultra,2560x1440,16,59.6
God of War,AMD Ryzen 7 5800X,RTX 3080 Ti,12,Ultra,2560x1440,16,108.3
Dying Light 2,AMD Ryzen 7 5800X,RX 6500 XT,4,Ultra,3840x2160,16,14.3
Red Dead Redemption 2,Intel Core i9-9900K,RX Vega 56,8,Ultra,2560x1440,16,25.3
DOOM Eternal,Intel Core i9-9900K,GTX 1660 Ti,6,Ultra,3840x2160,16,45.0
Counter-Strike 2,Intel Core i9-13900K,RTX 3060,12,Ultra,1920x1080,32,189.1
Elden Ring,AMD Ryzen 7 5800X,RTX 2070,8,Ultra,2560x1440,16,59.6
Counter-Strike 2,Intel Core i9-13900K,RX 5700 XT,8,Ultra,1920x1080,32,182.1
Watch Dogs Legion,Intel Core i9-9900K,RTX 2080,8,Ultra,3840x2160,16,30.9
DOOM: The Dark Ages,AMD Ryzen 7 9800X3D,RX 7900 GRE,16,Ultra,2560x1440,32,63.0
DOOM: The Dark Ages,AMD Ryzen 7 9800X3D,RX 7700 XT,12,Ultra,2560x1440,32,48.7
Call of Duty WWII,Intel Core i7-7700K,GTX 980 Ti,6,Ultra,2560x1440,16,61.6
Counter-Strike 2,Intel Core i9-13900K,RTX 2080 Ti,11,Ultra,1920x1080,32,309.9
DOOM: The Dark Ages,AMD Ryzen 7 9800X3D,RTX 4060 Ti,16,Ultra,3840x2160,32,23.9
Red Dead Redemption 2,Intel Core i9-9900K,Radeon VII,16,Ultra,1920x1080,16,64.8
Call of Duty: Black Ops 6,Intel Core i9-14900K,RTX 3060,12,Ultra,2560x1440,32,40.0
Watch Dogs Legion,Intel Core i9-9900K,RTX 2060,6,Ultra,1920x1080,16,47.7
Watch Dogs 2,Intel Core i7-6700K,RX 460,4,Ultra,1920x1080,16,20.9
Call of Duty: Black Ops 6,Intel Core i9-14900K,RTX 4080 Super,16,Ultra,1920x1080,32,191.0
DOOM Eternal,Intel Core i9-9900K,RTX 2060 Super,8,Ultra,1920x1080,16,166.1
Counter-Strike 2,Intel Core i9-13900K,RTX 4070 Ti,12,Ultra,2560x1440,32,284.5
STALKER 2,Intel Core i9-14900K,RX 7600,8,Ultra,3840x2160,32,7.8
Dying Light 2,AMD Ryzen 7 5800X,GTX 1080 Ti,11,Ultra,1920x1080,16,78.8
Call of Duty: Black Ops 6,Intel Core i9-14900K,RTX 4060 Ti,16,Ultra,3840x2160,32,34.0
STALKER 2,Intel Core i9-14900K,RX 6800,16,Ultra,2560x1440,32,42.4
STALKER 2,Intel Core i9-14900K,RX 7900 GRE,16,Ultra,3840x2160,32,32.7
Zenless Zone Zero,Intel Core i5-14400F,RTX 3060,12,Ultra,3840x2160,32,52.0
Counter-Strike 2,Intel Core i9-13900K,Arc A770,16,Ultra,2560x1440,32,109.3
Death Stranding,Intel Core i9-9900K,RX Vega 56,8,Ultra,2560x1440,16,68.1
Death Stranding,Intel Core i9-9900K,RTX 2070,8,Ultra,2560x1440,16,86.1
Counter-Strike 2,Intel Core i9-13900K,RTX 4070,12,Ultra,2560x1440,32,230.4
Far Cry 6,AMD Ryzen 7 5800X,GTX 1080,8,Ultra,2560x1440,16,51.5
Baldur's Gate 3,Intel Core i9-13900K,RX 6600 XT,8,Ultra,3840x2160,32,36.3
STALKER 2,Intel Core i9-14900K,RTX 4060 Ti,8,Ultra,3840x2160,32,23.6
Call of Duty Modern Warfare,Intel Core i9-9900K,RTX 2080 Ti,11,Ultra,1920x1080,16,178.9
Cyberpunk 2077,Intel Core i9-13900K,RX 7900 XTX,24,Ultra,1920x1080,32,137.5
Call of Duty Modern Warfare,Intel Core i9-9900K,RX Vega 64,8,Ultra,1920x1080,16,109.9
Cyberpunk 2077,Intel Core i9-9900K,GTX 1080 Ti,11,Ultra,2560x1440,16,35.7
Baldur's Gate 3,Intel Core i9-13900K,RTX 4060,8,Ultra,2560x1440,32,69.2
DOOM: The Dark Ages,AMD Ryzen 7 9800X3D,RX 6900 XT,16,Ultra,1920x1080,32,78.5
Elden Ring,AMD Ryzen 7 5800X,RTX 3070,8,Ultra,2560x1440,16,59.7
DOOM Eternal,Intel Core i9-9900K,RTX 2060 Super,8,Ultra,3840x2160,16,62.7
Dying Light 2,AMD Ryzen 7 5800X,RTX 3080,10,Ultra,1920x1080,16,146.2
Death Stranding,Intel Core i9-9900K,Radeon VII,16,Ultra,3840x2160,16,54.7
DOOM: The Dark Ages,AMD Ryzen 7 9800X3D,RTX 4060,8,Ultra,3840x2160,32,7.3
DOOM: The Dark Ages,AMD Ryzen 7 9800X3D,RTX 4060 Ti,16,Ultra,2560x1440,32,48.7
Call of Duty Modern Warfare,Intel Core i9-9900K,RTX 2070 Super,8,Ultra,1920x1080,16,139.7
Far Cry 6,AMD Ryzen 7 5800X,RTX 2070,8,Ultra,3840x2160,16,38.4
Watch Dogs Legion,Intel Core i9-9900K,RX 5700,8,Ultra,1920x1080,16,53.3
Baldur's Gate 3,Intel Core i9-13900K,RTX 3090 Ti,24,Ultra,1920x1080,32,188.7
Senua's Saga: Hellblade II,Intel Core i9-14900K,Arc A750,8,Ultra,2560x1440,32,24.4
STALKER 2,Intel Core i9-14900K,RX 7900 XTX,24,Ultra,3840x2160,32,45.7
Far Cry 6,AMD Ryzen 7 5800X,RTX 2080,8,Ultra,3840x2160,16,47.6
Baldur's Gate 3,Intel Core i9-13900K,RTX 4070,12,Ultra,2560x1440,32,121.8
Red Dead Redemption 2,Intel Core i9-9900K,GTX 1660,6,Ultra,2560x1440,16,30.9
Call of Duty Modern Warfare,Intel Core i9-9900K,RX 5700 XT,8,Ultra,2560x1440,16,99.3
Call of Duty: Black Ops 6,Intel Core i9-14900K,RX 7900 XTX,24,Ultra,2560x1440,32,155.0
Borderlands 3,Intel Core i9-9900K,RX 570,4,Ultra,1920x1080,16,34.8
STALKER 2,Intel Core i9-14900K,RTX 3090 Ti,24,Ultra,2560x1440,32,69.2
Borderlands 3,Intel Core i9-9900K,RTX 2070 Super,8,Ultra,1920x1080,16,83.4
Elden Ring,AMD Ryzen 7 5800X,RX 5600 XT,6,Ultra,1920x1080,16,58.3
Baldur's Gate 3,Intel Core i9-13900K,RTX 3070 Ti,8,Ultra,2560x1440,32,98.5
Cyberpunk 2077,Intel Core i9-9900K,RX 5700 XT,8,Ultra,2560x1440,16,36.7
Baldur's Gate 3,Intel Core i9-13900K,RTX 3070 Ti,8,Ultra,1920x1080,32,132.1
God of War Ragnarok,Intel Core i9-14900K,RTX 4070 Ti Super,16,Ultra,3840x2160,32,70.2
Death Stranding,Intel Core i9-9900K,RX Vega 64,8,Ultra,3840x2160,16,43.0
Cyberpunk 2077,Intel Core i9-9900K,RTX 3080,10,Ultra,3840x2160,16,38.0
Cyberpunk 2077,Intel Core i9-9900K,RTX 3090,24,Ultra,3840x2160,16,42.3
Far Cry 6,AMD Ryzen 7 5800X,RX 580,8,Ultra,3840x2160,16,20.6
Red Dead Redemption 2,Intel Core i9-9900K,GTX 1060,6,Ultra,2560x1440,16,12.8
God of War,AMD Ryzen 7 5800X,RTX 3070,8,Ultra,3840x2160,16,52.6
Counter-Strike 2,Intel Core i9-13900K,RTX 2080,8,Ultra,3840x2160,32,88.1
God of War Ragnarok,Intel Core i9-14900K,RX 5700 XT,8,Ultra,2560x1440,32,36.1
Senua's Saga: Hellblade II,Intel Core i9-14900K,RTX 3060 Ti,8,Ultra,3840x2160,32,11.8
STALKER 2,Intel Core i9-14900K,RX 7900 GRE,16,Ultra,1920x1080,32,74.3
DOOM Eternal,Intel Core i9-9900K,GTX 1070,8,Ultra,3840x2160,16,40.5
Counter-Strike 2,Intel Core i9-13900K,Arc A750,8,Ultra,2560x1440,32,99.5
Baldur's Gate 3,Intel Core i9-13900K,RTX 4080,16,Ultra,1920x1080,32,216.4
God of War,AMD Ryzen 7 5800X,RX Vega 64,8,Ultra,3840x2160,16,28.2
DOOM: The Dark Ages,AMD Ryzen 7 9800X3D,RTX 5060 Ti,8,Ultra,1920x1080,32,76.6
Call of Duty: Black Ops 6,Intel Core i9-14900K,RTX 3060,12,Ultra,1920x1080,32,62.0
Cyberpunk 2077,Intel Core i9-9900K,RTX 3060 Ti,8,Ultra,3840x2160,16,24.8
STALKER 2,Intel Core i9-14900K,RX 6700 XT,12,Ultra,2560x1440,32,34.9
DOOM: The Dark Ages,AMD Ryzen 7 9800X3D,RTX 4070 Ti,12,Ultra,1920x1080,32,112.6
Death Stranding,Intel Core i9-9900K,RTX 2070 Super,8,Ultra,1920x1080,16,130.7
Counter-Strike 2,Intel Core i9-13900K,RX 7700 XT,12,Ultra,1920x1080,32,238.4
Call of Duty: Black Ops 6,Intel Core i9-14900K,RTX 3070 Ti,8,Ultra,3840x2160,32,35.0
STALKER 2,Intel Core i9-14900K,RX 7900 XTX,24,Ultra,1920x1080,32,95.7
STALKER 2,Intel Core i9-14900K,RTX 4090,24,Ultra,2560x1440,32,98.2
God of War Ragnarok,Intel Core i9-14900K,RX 6800 XT,16,Ultra,3840x2160,32,45.5
Counter-Strike 2,Intel Core i9-13900K,RTX 2080,8,Ultra,2560x1440,32,169.8
DOOM: The Dark Ages,AMD Ryzen 7 9800X3D,RX 7800 XT,16,Ultra,2560x1440,32,56.6
Dying Light 2,AMD Ryzen 7 5800X,GTX 1660 Ti,6,Ultra,3840x2160,16,18.7
STALKER 2,Intel Core i9-14900K,RX 5700 XT,8,Ultra,3840x2160,32,6.4
Watch Dogs Legion,Intel Core i9-9900K,GTX 1660 Ti,6,Ultra,3840x2160,16,13.8
Call of Duty: Black Ops 6,Intel Core i9-14900K,RTX 3080,10,Ultra,2560x1440,32,82.0
God of War Ragnarok,Intel Core i9-14900K,RX 7900 GRE,16,Ultra,2560x1440,32,83.8
Borderlands 3,Intel Core i9-9900K,RX Vega 64,8,Ultra,1920x1080,16,60.3
Far Cry 6,AMD Ryzen 7 5800X,RTX 2080 Ti,11,Ultra,3840x2160,16,57.8
Star Wars Outlaws,Intel Core i9-14900K,RX 5700 XT,8,Ultra,3840x2160,32,10.1
God of War,AMD Ryzen 7 5800X,GTX 1070,8,Ultra,3840x2160,16,21.9
Senua's Saga: Hellblade II,Intel Core i9-14900K,RTX 4070 Ti,12,Ultra,3840x2160,32,35.0
Watch Dogs Legion,Intel Core i9-9900K,RX Vega 64,8,Ultra,3840x2160,16,22.2
DOOM: The Dark Ages,AMD Ryzen 7 9800X3D,RTX 4090,24,Ultra,1920x1080,32,158.7
Cyberpunk 2077,Intel Core i9-13900K,RTX 4080,16,Ultra,3840x2160,32,52.7
Watch Dogs Legion,Intel Core i9-9900K,RTX 2070 Super,8,Ultra,1920x1080,16,61.6
Borderlands 3,Intel Core i9-9900K,RTX 2060 Super,8,Ultra,2560x1440,16,48.7
Star Wars Outlaws,Intel Core i9-14900K,RTX 4070 Ti,12,Ultra,3840x2160,32,28.2
STALKER 2,Intel Core i9-14900K,RTX 3070 Ti,8,Ultra,3840x2160,32,21.3
Cyberpunk 2077,Intel Core i9-9900K,GTX 1080 Ti,11,Ultra,3840x2160,16,16.2
Death Stranding,Intel Core i9-9900K,GTX 1080 Ti,11,Ultra,3840x2160,16,51.3
Cyberpunk 2077,Intel Core i9-9900K,RTX 2070,8,Ultra,3840x2160,16,19.3
Senua's Saga: Hellblade II,Intel Core i9-14900K,RTX 4060 Ti,16,Ultra,2560x1440,32,38.5
Baldur's Gate 3,Intel Core i9-13900K,RTX 2080 Ti,11,Ultra,1920x1080,32,126.1
STALKER 2,Intel Core i9-14900K,RTX 3070,8,Ultra,3840x2160,32,26.1
Baldur's Gate 3,Intel Core i9-13900K,Arc A750,8,Ultra,3840x2160,32,38.0
Zenless Zone Zero,Intel Core i5-12400F,RTX 4060,8,Ultra,3840x2160,32,62.0
Watch Dogs Legion,Intel Core i9-9900K,RTX 2080 Super,8,Ultra,1920x1080,16,67.5
Cyberpunk 2077,Intel Core i9-13900K,RX 7800 XT,16,Ultra,2560x1440,32,73.5
God of War,AMD Ryzen 7 5800X,GTX 1660 Ti,6,Ultra,3840x2160,16,22.5
Counter-Strike 2,Intel Core i9-13900K,RTX 4060 Ti,16,Ultra,2560x1440,32,168.9
Call of Duty: Black Ops 6,Intel Core i9-14900K,RX 6700 XT,12,Ultra,1920x1080,32,107.0
Call of Duty: Black Ops 6,Intel Core i9-14900K,RX 6600 XT,8,Ultra,1920x1080,32,80.0
Far Cry 6,AMD Ryzen 7 5800X,RX Vega 64,8,Ultra,3840x2160,16,34.6
Elden Ring,AMD Ryzen 7 5800X,RX 6900 XT,16,Ultra,1920x1080,16,59.4
Senua's Saga: Hellblade II,Intel Core i9-14900K,RTX 4070 Super,12,Ultra,1920x1080,32,80.1
Star Wars Outlaws,Intel Core i9-14900K,RX 7600 XT,16,Ultra,1920x1080,32,42.3
Star Wars Outlaws,Intel Core i9-14900K,RTX 3080,10,Ultra,3840x2160,32,28.4
DOOM: The Dark Ages,AMD Ryzen 7 9800X3D,RTX 4080 Super,16,Ultra,1920x1080,32,132.7
Cyberpunk 2077,Intel Core i9-9900K,RTX 3080,10,Ultra,2560x1440,16,71.4
Call of Duty WWII,Intel Core i7-7700K,GTX 1070,8,Ultra,1920x1080,16,94.6
Watch Dogs Legion,Intel Core i9-9900K,RTX 3090,24,Ultra,1920x1080,16,89.2
DOOM Eternal,Intel Core i9-9900K,RX 580,8,Ultra,2560x1440,16,67.3
DOOM Eternal,Intel Core i9-9900K,RX 570,4,Ultra,2560x1440,16,49.8
Star Wars Outlaws,Intel Core i9-14900K,RTX 3070 Ti,8,Ultra,3840x2160,32,22.5
DOOM: The Dark Ages,AMD Ryzen 7 9800X3D,RTX 4070 Super,12,Ultra,1920x1080,32,105.4
Senua's Saga: Hellblade II,Intel Core i9-14900K,RX 7600,8,Ultra,1920x1080,32,41.9
DOOM: The Dark Ages,AMD Ryzen 7 9800X3D,RTX 3070,8,Ultra,2560x1440,32,46.4
Borderlands 3,Intel Core i9-9900K,GTX 1660 Ti,6,Ultra,2560x1440,16,34.4
God of War Ragnarok,Intel Core i9-14900K,RX 6800,16,Ultra,2560x1440,32,57.7
DOOM Eternal,Intel Core i9-9900K,GTX 1660 Super,6,Ultra,3840x2160,16,44.5
STALKER 2,Intel Core i9-14900K,RX 6600,8,Ultra,3840x2160,32,3.8
Death Stranding,Intel Core i9-9900K,RX Vega 56,8,Ultra,3840x2160,16,38.1
Elden Ring,AMD Ryzen 7 5800X,RTX 3050,8,Ultra,3840x2160,16,26.0
Baldur's Gate 3,Intel Core i9-13900K,RX 5700 XT,8,Ultra,2560x1440,32,61.3
DOOM: The Dark Ages,AMD Ryzen 7 9800X3D,RTX 4070 Super,12,Ultra,2560x1440,32,73.7
Battlefield V,Intel Core i7-8700K,GTX 970,4,Ultra,1920x1080,16,47.0
Cyberpunk 2077,Intel Core i9-13900K,Arc A770,16,Ultra,3840x2160,32,23.6
Cyberpunk 2077,Intel Core i9-9900K,RX Vega 64,8,Ultra,3840x2160,16,14.0
Watch Dogs Legion,Intel Core i9-9900K,RX 5500 XT,4,Ultra,2560x1440,16,6.5
Elden Ring,AMD Ryzen 7 5800X,RX 6600 XT,8,Ultra,1920x1080,16,58.5
God of War Ragnarok,Intel Core i9-14900K,RTX 3090 Ti,24,Ultra,2560x1440,32,106.2
Watch Dogs Legion,Intel Core i9-9900K,RX 5700 XT,8,Ultra,3840x2160,16,24.7
Elden Ring,AMD Ryzen 7 5800X,RX 6800 XT,16,Ultra,2560x1440,16,59.8
Far Cry 6,AMD Ryzen 7 5800X,RTX 3080 Ti,12,Ultra,1920x1080,16,119.2
STALKER 2,Intel Core i9-14900K,RTX 2080 Ti,11,Ultra,1920x1080,32,60.1
Red Dead Redemption 2,Intel Core i9-9900K,RX 5700,8,Ultra,2560x1440,16,29.6
Grand Theft Auto V,Intel Core i7-4770K,GTX 960,2,Ultra,1920x1080,16,75.6
Cyberpunk 2077,Intel Core i9-13900K,RX 7700 XT,12,Ultra,1920x1080,32,91.6
Borderlands 3,Intel Core i9-9900K,RTX 2080,8,Ultra,1920x1080,16,90.5
Watch Dogs Legion,Intel Core i9-9900K,RX 590,8,Ultra,3840x2160,16,13.2
Dying Light 2,AMD Ryzen 7 5800X,RX 580,8,Ultra,2560x1440,16,31.2
God of War Ragnarok,Intel Core i9-14900K,RTX 3060,12,Ultra,2560x1440,32,42.3
Red Dead Redemption 2,Intel Core i9-9900K,GTX 1070 Ti,8,Ultra,1920x1080,16,41.5
Call of Duty: Black Ops 6,Intel Core i9-14900K,RX 7600,8,Ultra,2560x1440,32,59.0
Star Wars Outlaws,Intel Core i9-14900K,RX 7600 XT,16,Ultra,2560x1440,32,27.6
DOOM: The Dark Ages,AMD Ryzen 7 9800X3D,RTX 5060 Ti,16,Ultra,2560x1440,32,50.6
DOOM Eternal,Intel Core i9-9900K,RTX 2070 Super,8,Ultra,3840x2160,16,74.3
Baldur's Gate 3,Intel Core i9-13900K,RX 6900 XT,16,Ultra,3840x2160,32,77.3
Counter-Strike 2,Intel Core i9-13900K,RTX 3090,24,Ultra,2560x1440,32,294.8
STALKER 2,Intel Core i9-14900K,RX 7600 XT,16,Ultra,1920x1080,32,46.8
God of War,AMD Ryzen 7 5800X,RTX 3060,12,Ultra,3840x2160,16,34.2
God of War,AMD Ryzen 7 5800X,RTX 3070,8,Ultra,1920x1080,16,96.9
Baldur's Gate 3,Intel Core i9-13900K,RTX 4060 Ti,8,Ultra,2560x1440,32,93.3
Red Dead Redemption 2,Intel Core i9-9900K,RX Vega 56,8,Ultra,1920x1080,16,48.8
Cyberpunk 2077,Intel Core i9-9900K,GTX 1080,8,Ultra,2560x1440,16,26.8
Star Wars Outlaws,Intel Core i9-14900K,RX 6700 XT,12,Ultra,1920x1080,32,46.8
Elden Ring,AMD Ryzen 7 5800X,RX 6500 XT,4,Ultra,2560x1440,16,39.2
Call of Duty: Black Ops 6,Intel Core i9-14900K,RTX 4070,12,Ultra,1920x1080,32,130.0
Dying Light 2,AMD Ryzen 7 5800X,RTX 3060,12,Ultra,3840x2160,16,30.8
DOOM: The Dark Ages,AMD Ryzen 7 9800X3D,RX 6600,8,Ultra,3840x2160,32,8.3
Baldur's Gate 3,Intel Core i9-13900K,RTX 4060 Ti,8,Ultra,3840x2160,32,48.6
Cyberpunk 2077,Intel Core i9-9900K,GTX 1060,6,Ultra,3840x2160,16,6.8
Death Stranding,Intel Core i9-9900K,RTX 2060 Super,8,Ultra,1920x1080,16,114.6
Cyberpunk 2077,Intel Core i9-13900K,RTX 3060 Ti,8,Ultra,1920x1080,32,71.5
Senua's Saga: Hellblade II,Intel Core i9-14900K,RX 7800 XT,16,Ultra,3840x2160,32,29.1
Cyberpunk 2077,Intel Core i9-9900K,RX 6800 XT,16,Ultra,2560x1440,16,70.6
Zenless Zone Zero,Intel Core i5-12400F,RTX 4060,8,Ultra,1920x1080,32,156.0
Watch Dogs Legion,Intel Core i9-9900K,GTX 1080 Ti,11,Ultra,1920x1080,16,58.4
Battlefield V,Intel Core i7-8700K,RTX 2080 Ti,11,Ultra,1920x1080,16,158.8
Elden Ring,AMD Ryzen 7 5800X,RX 5700 XT,8,Ultra,3840x2160,16,34.3
Counter-Strike 2,Intel Core i9-13900K,GTX 1060,6,Ultra,3840x2160,32,35.5
Watch Dogs Legion,Intel Core i9-9900K,RX 570,4,Ultra,1920x1080,16,14.8
Counter-Strike 2,Intel Core i9-13900K,RX 7900 XT,20,Ultra,2560x1440,32,270.8
Call of Duty: Black Ops 6,Intel Core i9-14900K,RTX 3080,10,Ultra,3840x2160,32,44.0
God of War Ragnarok,Intel Core i9-14900K,RTX 2080 Ti,11,Ultra,2560x1440,32,64.2
Red Dead Redemption 2,Intel Core i9-9900K,RX Vega 64,8,Ultra,1920x1080,16,53.8
Call of Duty: Black Ops 6,Intel Core i9-14900K,RX 6600 XT,8,Ultra,3840x2160,32,27.0
Call of Duty: Black Ops 6,Intel Core i9-14900K,RTX 4080,16,Ultra,2560x1440,32,131.0
Battlefield V,Intel Core i7-8700K,RX Vega 56,8,Ultra,2560x1440,16,82.9
Elden Ring,AMD Ryzen 7 5800X,RTX 3070 Ti,8,Ultra,2560x1440,16,59.9
DOOM Eternal,Intel Core i9-9900K,GTX 1070 Ti,8,Ultra,2560x1440,16,90.7
Call of Duty: Black Ops 6,Intel Core i9-14900K,RX 6700 XT,12,Ultra,2560x1440,32,70.0
Far Cry 6,AMD Ryzen 7 5800X,RX 6900 XT,16,Ultra,1920x1080,16,117.9
Dying Light 2,AMD Ryzen 7 5800X,GTX 1060,6,Ultra,1920x1080,16,36.1
Cyberpunk 2077,Intel Core i9-9900K,RX 6900 XT,16,Ultra,2560x1440,16,75.1
DOOM: The Dark Ages,AMD Ryzen 7 9800X3D,RTX 3070 Ti,8,Ultra,1920x1080,32,72.3
God of War,AMD Ryzen 7 5800X,RTX 3080 Ti,12,Ultra,3840x2160,16,75.7
Borderlands 3,Intel Core i9-9900K,GTX 1060,6,Ultra,1920x1080,16,39.4
DOOM: The Dark Ages,AMD Ryzen 7 9800X3D,RX 7900 XT,20,Ultra,1920x1080,32,107.1
Call of Duty: Black Ops 6,Intel Core i9-14900K,RX 7900 XT,20,Ultra,3840x2160,32,75.0
DOOM: The Dark Ages,AMD Ryzen 7 9800X3D,RTX 4060,8,Ultra,1920x1080,32,57.4
Call of Duty: Black Ops 6,Intel Core i9-14900K,RTX 3090 Ti,24,Ultra,2560x1440,32,101.0
God of War,AMD Ryzen 7 5800X,RX 6600 XT,8,Ultra,2560x1440,16,52.4
Baldur's Gate 3,Intel Core i9-13900K,RTX 4090,24,Ultra,3840x2160,32,150.7
DOOM Eternal,Intel Core i9-9900K,GTX 1060,6,Ultra,2560x1440,16,53.3
Watch Dogs Legion,Intel Core i9-9900K,GTX 1060,3,Ultra,3840x2160,16,8.8
Baldur's Gate 3,Intel Core i9-13900K,RTX 3070,8,Ultra,3840x2160,32,54.4
Borderlands 3,Intel Core i9-9900K,RX 590,8,Ultra,1920x1080,16,42.7
Dying Light 2,AMD Ryzen 7 5800X,RX 5700 XT,8,Ultra,1920x1080,16,87.3
DOOM: The Dark Ages,AMD Ryzen 7 9800X3D,RTX 4070,12,Ultra,1920x1080,32,93.4
Senua's Saga: Hellblade II,Intel Core i9-14900K,RX 6700 XT,12,Ultra,2560x1440,32,34.4
Counter-Strike 2,Intel Core i9-13900K,RTX 4060,8,Ultra,3840x2160,32,72.7
Elden Ring,AMD Ryzen 7 5800X,RTX 2080 Ti,11,Ultra,2560x1440,16,59.8
Call of Duty: Black Ops 6,Intel Core i9-14900K,RTX 4070 Ti Super,16,Ultra,2560x1440,32,115.0
Baldur's Gate 3,Intel Core i9-13900K,RTX 3090,24,Ultra,1920x1080,32,175.8
Elden Ring,AMD Ryzen 7 5800X,RX Vega 64,8,Ultra,1920x1080,16,59.0
Cyberpunk 2077,Intel Core i9-9900K,RTX 2080 Ti,11,Ultra,1920x1080,16,92.1
Star Wars Outlaws,Intel Core i9-14900K,RTX 4060 Ti,16,Ultra,1920x1080,32,62.7
Star Wars Outlaws,Intel Core i9-14900K,Arc A750,8,Ultra,1920x1080,32,36.1
DOOM Eternal,Intel Core i9-9900K,Radeon VII,16,Ultra,3840x2160,16,75.7
Cyberpunk 2077,Intel Core i9-9900K,GTX 1080 Ti,11,Ultra,1920x1080,16,57.7
DOOM: The Dark Ages,AMD Ryzen 7 9800X3D,RX 7900 XT,20,Ultra,2560x1440,32,74.9
God of War Ragnarok,Intel Core i9-14900K,Arc A770,16,Ultra,1920x1080,32,32.7
DOOM: The Dark Ages,AMD Ryzen 7 9800X3D,RX 6600 XT,8,Ultra,2560x1440,32,24.8
Star Wars Outlaws,Intel Core i9-14900K,RTX 4060,8,Ultra,3840x2160,32,10.3
Zenless Zone Zero,Intel Core i5-10400F,RTX 4060,8,Ultra,2560x1440,16,132.0
God of War,AMD Ryzen 7 5800X,RX Vega 64,8,Ultra,2560x1440,16,45.6
Counter-Strike 2,Intel Core i9-13900K,GTX 1630,4,Ultra,3840x2160,32,13.0
DOOM Eternal,Intel Core i9-9900K,RX Vega 56,8,Ultra,3840x2160,16,50.9
Call of Duty: Black Ops 6,Intel Core i9-14900K,RX 6800,16,Ultra,3840x2160,32,47.0
Red Dead Redemption 2,Intel Core i9-9900K,RX Vega 64,8,Ultra,2560x1440,16,44.0
Cyberpunk 2077,Intel Core i9-13900K,RTX 4070 Ti,12,Ultra,3840x2160,32,41.8
God of War,AMD Ryzen 7 5800X,RX 6700 XT,12,Ultra,1920x1080,16,87.8
Cyberpunk 2077,Intel Core i9-9900K,RX 580,8,Ultra,1920x1080,16,28.0
STALKER 2,Intel Core i9-14900K,Arc A750,8,Ultra,3840x2160,32,7.0
Cyberpunk 2077,Intel Core i9-13900K,RX 6900 XT,16,Ultra,1920x1080,32,102.5
Baldur's Gate 3,Intel Core i9-13900K,RTX 3060 Ti,8,Ultra,2560x1440,32,79.2
Death Stranding,Intel Core i9-9900K,RTX 2080 Super,8,Ultra,3840x2160,16,65.5
Call of Duty Modern Warfare,Intel Core i9-9900K,RTX 2070,8,Ultra,2560x1440,16,90.2
Star Wars Outlaws,Intel Core i9-14900K,RX 7600,8,Ultra,2560x1440,32,26.0
Death Stranding,Intel Core i9-9900K,GTX 1060,6,Ultra,1920x1080,16,58.3
Watch Dogs Legion,Intel Core i9-9900K,RTX 2080 Ti,11,Ultra,3840x2160,16,37.9
Elden Ring,AMD Ryzen 7 5800X,RX 6800,16,Ultra,1920x1080,16,59.0
DOOM: The Dark Ages,AMD Ryzen 7 9800X3D,RX 7700 XT,12,Ultra,3840x2160,32,24.6
Call of Duty Modern Warfare,Intel Core i9-9900K,RX 570,4,Ultra,2560x1440,16,40.8
DOOM: The Dark Ages,AMD Ryzen 7 9800X3D,RX 7600,8,Ultra,1920x1080,32,43.5
Call of Duty WWII,Intel Core i7-7700K,RX Vega 56,8,Ultra,1920x1080,16,96.6
Counter-Strike 2,Intel Core i9-13900K,RTX 3060,12,Ultra,2560x1440,32,126.2
Senua's Saga: Hellblade II,Intel Core i9-14900K,RTX 4080,16,Ultra,3840x2160,32,43.3
Elden Ring,AMD Ryzen 7 5800X,RTX 3080,10,Ultra,3840x2160,16,59.9
Counter-Strike 2,Intel Core i9-13900K,RX 6900 XT,16,Ultra,2560x1440,32,267.0
Call of Duty WWII,Intel Core i7-7700K,RX 570,4,Ultra,1920x1080,16,57.2
Call of Duty WWII,Intel Core i7-7700K,RX 480,8,Ultra,2560x1440,16,48.1
DOOM: The Dark Ages,AMD Ryzen 7 9800X3D,RTX 3070 Ti,8,Ultra,2560x1440,32,49.5
Counter-Strike 2,Intel Core i9-13900K,RX 6600,8,Ultra,3840x2160,32,51.2
Counter-Strike 2,Intel Core i9-13900K,RTX 3050,8,Ultra,3840x2160,32,46.1
God of War,AMD Ryzen 7 5800X,RX 5700 XT,8,Ultra,2560x1440,16,51.9
Star Wars Outlaws,Intel Core i9-14900K,RTX 4070 Ti Super,16,Ultra,2560x1440,32,71.8
STALKER 2,Intel Core i9-14900K,RX 7600 XT,16,Ultra,3840x2160,32,17.1
Death Stranding,Intel Core i9-9900K,GTX 1660 Super,6,Ultra,3840x2160,16,35.4
Cyberpunk 2077,Intel Core i9-13900K,RTX 4060 Ti,8,Ultra,1920x1080,32,79.3
Cyberpunk 2077,Intel Core i9-9900K,RX 5600 XT,6,Ultra,2560x1440,16,28.5
Death Stranding,Intel Core i9-9900K,GTX 1070,8,Ultra,2560x1440,16,56.5
STALKER 2,Intel Core i9-14900K,RX 6600,8,Ultra,2560x1440,32,23.5
God of War Ragnarok,Intel Core i9-14900K,RX 6900 XT,16,Ultra,2560x1440,32,72.1
STALKER 2,Intel Core i9-14900K,RTX 4080,16,Ultra,1920x1080,32,111.1
God of War Ragnarok,Intel Core i9-14900K,RTX 4060,8,Ultra,1920x1080,32,64.6
Senua's Saga: Hellblade II,Intel Core i9-14900K,RTX 3090,24,Ultra,1920x1080,32,78.0
Elden Ring,AMD Ryzen 7 5800X,RX 6800,16,Ultra,2560x1440,16,59.7
STALKER 2,Intel Core i9-14900K,RTX 4090,24,Ultra,1920x1080,32,128.6
Call of Duty Modern Warfare,Intel Core i9-9900K,GTX 1080 Ti,11,Ultra,1920x1080,16,126.6
Red Dead Redemption 2,Intel Core i9-9900K,RTX 2080 Ti,11,Ultra,2560x1440,16,73.2
Far Cry 6,AMD Ryzen 7 5800X,RX 580,8,Ultra,1920x1080,16,49.8
Call of Duty: Black Ops 6,Intel Core i9-14900K,RX 7900 GRE,16,Ultra,3840x2160,32,68.0
Red Dead Redemption 2,Intel Core i9-9900K,RTX 2080 Super,8,Ultra,2560x1440,16,63.0
Watch Dogs Legion,Intel Core i9-9900K,Radeon VII,16,Ultra,1920x1080,16,59.9
Far Cry 6,AMD Ryzen 7 5800X,RTX 3060 Ti,8,Ultra,2560x1440,16,93.6
Cyberpunk 2077,Intel Core i9-13900K,RX 6700 XT,12,Ultra,1920x1080,32,68.1
Cyberpunk 2077,Intel Core i9-9900K,RTX 2070,8,Ultra,1920x1080,16,63.2
Far Cry 6,AMD Ryzen 7 5800X,RX 6600 XT,8,Ultra,2560x1440,16,74.3
Red Dead Redemption 2,Intel Core i9-9900K,RTX 2070,8,Ultra,1920x1080,16,59.4
Dying Light 2,AMD Ryzen 7 5800X,GTX 1660 Ti,6,Ultra,2560x1440,16,36.2
Call of Duty: Black Ops 6,Intel Core i9-14900K,RX 7700 XT,12,Ultra,3840x2160,32,51.0
Cyberpunk 2077,Intel Core i9-13900K,RTX 3080,10,Ultra,1920x1080,32,105.8
Elden Ring,AMD Ryzen 7 5800X,RTX 2070,8,Ultra,3840x2160,16,38.2
STALKER 2,Intel Core i9-14900K,RTX 4080 Super,16,Ultra,3840x2160,32,50.5
Cyberpunk 2077,Intel Core i9-13900K,RTX 2080 Ti,11,Ultra,3840x2160,32,27.5
Cyberpunk 2077,Intel Core i9-13900K,RTX 3070 Ti,8,Ultra,2560x1440,32,57.6
Baldur's Gate 3,Intel Core i9-13900K,RTX 3070,8,Ultra,1920x1080,32,125.5
Watch Dogs Legion,Intel Core i9-9900K,RTX 2080 Super,8,Ultra,3840x2160,16,32.2
DOOM: The Dark Ages,AMD Ryzen 7 9800X3D,RTX 4080,16,Ultra,2560x1440,32,93.1
Far Cry 6,AMD Ryzen 7 5800X,RTX 3060,12,Ultra,3840x2160,16,41.0
Star Wars Outlaws,Intel Core i9-14900K,RTX 4080 Super,16,Ultra,2560x1440,32,86.2
Star Wars Outlaws,Intel Core i9-14900K,RX 6600 XT,8,Ultra,3840x2160,32,11.7
Counter-Strike 2,Intel Core i9-13900K,RTX 2060,6,Ultra,2560x1440,32,114.0
DOOM Eternal,Intel Core i9-9900K,RX 570,4,Ultra,3840x2160,16,23.5
Watch Dogs Legion,Intel Core i9-9900K,Radeon VII,16,Ultra,3840x2160,16,27.4
God of War,AMD Ryzen 7 5800X,RTX 3060,12,Ultra,1920x1080,16,66.5
God of War Ragnarok,Intel Core i9-14900K,RX 5700 XT,8,Ultra,1920x1080,32,45.1
Dying Light 2,AMD Ryzen 7 5800X,RX 6800 XT,16,Ultra,1920x1080,16,156.6
Elden Ring,AMD Ryzen 7 5800X,RTX 3050,8,Ultra,1920x1080,16,58.1
DOOM Eternal,Intel Core i9-9900K,GTX 1660,6,Ultra,1920x1080,16,107.3
DOOM: The Dark Ages,AMD Ryzen 7 9800X3D,Arc A770,16,Ultra,3840x2160,32,14.4
Call of Duty: Black Ops 6,Intel Core i9-14900K,RTX 4080 Super,16,Ultra,2560x1440,32,133.0
Grand Theft Auto V,Intel Core i7-4770K,GTX 970,4,Ultra,1920x1080,16,106.3
Senua's Saga: Hellblade II,Intel Core i9-14900K,RX 7900 GRE,16,Ultra,1920x1080,32,78.2
DOOM Eternal,Intel Core i9-9900K,RTX 2080,8,Ultra,3840x2160,16,82.3
Borderlands 3,Intel Core i9-9900K,GTX 1070,8,Ultra,1920x1080,16,54.4
Counter-Strike 2,Intel Core i9-13900K,RX 6600 XT,8,Ultra,3840x2160,32,60.2
Star Wars Outlaws,Intel Core i9-14900K,RTX 3050,8,Ultra,1920x1080,32,28.3
Cyberpunk 2077,Intel Core i9-13900K,RTX 4070,12,Ultra,1920x1080,32,99.2
Star Wars Outlaws,Intel Core i9-14900K,RX 6600,8,Ultra,2560x1440,32,19.4
Far Cry 6,AMD Ryzen 7 5800X,RTX 2080 Ti,11,Ultra,1920x1080,16,117.3
Senua's Saga: Hellblade II,Intel Core i9-14900K,RTX 4090,24,Ultra,3840x2160,32,57.1
Senua's Saga: Hellblade II,Intel Core i9-14900K,RTX 4080,16,Ultra,1920x1080,32,101.1
DOOM: The Dark Ages,AMD Ryzen 7 9800X3D,RX 7900 GRE,16,Ultra,1920x1080,32,91.0
God of War,AMD Ryzen 7 5800X,RX 6900 XT,16,Ultra,3840x2160,16,65.4
Call of Duty Modern Warfare,Intel Core i9-9900K,GTX 1080,8,Ultra,1920x1080,16,99.6
Watch Dogs Legion,Intel Core i9-9900K,Radeon VII,16,Ultra,2560x1440,16,45.8
Cyberpunk 2077,Intel Core i9-9900K,RX 6900 XT,16,Ultra,1920x1080,16,112.7
STALKER 2,Intel Core i9-14900K,RX 7700 XT,12,Ultra,1920x1080,32,60.8
Far Cry 6,AMD Ryzen 7 5800X,RTX 3060 Ti,8,Ultra,3840x2160,16,54.5
Call of Duty: Black Ops 6,Intel Core i9-14900K,RX 7600,8,Ultra,1920x1080,32,92.0
God of War Ragnarok,Intel Core i9-14900K,RX 6800 XT,16,Ultra,2560x1440,32,68.7
Far Cry 6,AMD Ryzen 7 5800X,RTX 2060,6,Ultra,1920x1080,16,80.6
Death Stranding,Intel Core i9-9900K,GTX 1080 Ti,11,Ultra,1920x1080,16,109.1
Zenless Zone Zero,AMD Ryzen 9 7900X,RTX 4070,12,Ultra,3840x2160,32,129.0
Cyberpunk 2077,Intel Core i9-9900K,GTX 1660 Ti,6,Ultra,2560x1440,16,25.7
Elden Ring,AMD Ryzen 7 5800X,RX 6600 XT,8,Ultra,3840x2160,16,39.1
God of War Ragnarok,Intel Core i9-14900K,Arc A750,8,Ultra,3840x2160,32,18.4
Baldur's Gate 3,Intel Core i9-13900K,RTX 4060 Ti,16,Ultra,1920x1080,32,129.3
Star Wars Outlaws,Intel Core i9-14900K,RX 6600 XT,8,Ultra,1920x1080,32,36.5
Baldur's Gate 3,Intel Core i9-13900K,RX 6800,16,Ultra,1920x1080,32,141.1
Dying Light 2,AMD Ryzen 7 5800X,RTX 3050,8,Ultra,2560x1440,16,40.3
DOOM: The Dark Ages,AMD Ryzen 7 9800X3D,RTX 4060,8,Ultra,2560x1440,32,36.4
DOOM: The Dark Ages,AMD Ryzen 7 9800X3D,RTX 5090,32,Ultra,1920x1080,32,178.0
Watch Dogs Legion,Intel Core i9-9900K,RX 5500 XT,4,Ultra,1920x1080,16,11.7
Baldur's Gate 3,Intel Core i9-13900K,RTX 3080,10,Ultra,2560x1440,32,123.5
God of War Ragnarok,Intel Core i9-14900K,RX 6700 XT,12,Ultra,2560x1440,32,49.6
God of War,AMD Ryzen 7 5800X,RTX 3070 Ti,8,Ultra,2560x1440,16,82.3
Call of Duty: Black Ops 6,Intel Core i9-14900K,RTX 3050,8,Ultra,1920x1080,32,44.0
DOOM: The Dark Ages,AMD Ryzen 7 9800X3D,RTX 3060 Ti,8,Ultra,3840x2160,32,14.8
Star Wars Outlaws,Intel Core i9-14900K,RTX 3060,12,Ultra,2560x1440,32,25.5
Red Dead Redemption 2,Intel Core i9-9900K,RTX 2070,8,Ultra,2560x1440,16,30.5
Far Cry 6,AMD Ryzen 7 5800X,RTX 3080,10,Ultra,1920x1080,16,119.1
DOOM: The Dark Ages,AMD Ryzen 7 9800X3D,RTX 3090 Ti,24,Ultra,3840x2160,32,41.5
Senua's Saga: Hellblade II,Intel Core i9-14900K,RX 6600 XT,8,Ultra,1920x1080,32,37.2
Call of Duty: Black Ops 6,Intel Core i9-14900K,RTX 4060 Ti,8,Ultra,3840x2160,32,34.0
Elden Ring,AMD Ryzen 7 5800X,RX Vega 64,8,Ultra,3840x2160,16,32.0
Watch Dogs Legion,Intel Core i9-9900K,RTX 3070,8,Ultra,3840x2160,16,39.2
Counter-Strike 2,Intel Core i9-13900K,RX 6600 XT,8,Ultra,1920x1080,32,164.4
Death Stranding,Intel Core i9-9900K,RTX 2070,8,Ultra,1920x1080,16,116.1
Baldur's Gate 3,Intel Core i9-13900K,RX 6900 XT,16,Ultra,1920x1080,32,171.2
Star Wars Outlaws,Intel Core i9-14900K,RTX 4070,12,Ultra,2560x1440,32,53.2
Baldur's Gate 3,Intel Core i9-13900K,RTX 4070 Ti,12,Ultra,2560x1440,32,155.8
Call of Duty: Black Ops 6,Intel Core i9-14900K,RTX 3050,8,Ultra,2560x1440,32,28.0
Call of Duty: Black Ops 6,Intel Core i9-14900K,RX 5700 XT,8,Ultra,1920x1080,32,73.0
Watch Dogs Legion,Intel Core i9-9900K,GTX 1650 Super,4,Ultra,1920x1080,16,24.0
Counter-Strike 2,Intel Core i9-13900K,RTX 3090,24,Ultra,1920x1080,32,415.7
Cyberpunk 2077,Intel Core i9-9900K,GTX 1080,8,Ultra,3840x2160,16,10.9
God of War Ragnarok,Intel Core i9-14900K,RTX 3090,24,Ultra,3840x2160,32,62.6
DOOM Eternal,Intel Core i9-9900K,RX 5600 XT,6,Ultra,3840x2160,16,54.0
STALKER 2,Intel Core i9-14900K,Arc A770,16,Ultra,3840x2160,32,17.6
Dying Light 2,AMD Ryzen 7 5800X,RX Vega 64,8,Ultra,1920x1080,16,75.2
STALKER 2,Intel Core i9-14900K,RX 7900 XT,20,Ultra,3840x2160,32,39.1
DOOM: The Dark Ages,AMD Ryzen 7 9800X3D,RTX 3050,8,Ultra,1920x1080,32,31.9
Call of Duty Modern Warfare,Intel Core i9-9900K,GTX 1070 Ti,8,Ultra,1920x1080,16,95.2
Dying Light 2,AMD Ryzen 7 5800X,GTX 1060,6,Ultra,2560x1440,16,24.3
Grand Theft Auto V,Intel Core i7-4770K,GTX 970,4,Ultra,2560x1440,16,78.8
Dying Light 2,AMD Ryzen 7 5800X,RX 6900 XT,16,Ultra,1920x1080,16,171.2
Watch Dogs Legion,Intel Core i9-9900K,GTX 1660 Super,6,Ultra,1920x1080,16,36.6
Star Wars Outlaws,Intel Core i9-14900K,RX 6600,8,Ultra,1920x1080,32,30.6
Counter-Strike 2,Intel Core i9-13900K,RTX 4060,8,Ultra,2560x1440,32,145.5
Call of Duty: Black Ops 6,Intel Core i9-14900K,RX 7900 GRE,16,Ultra,1920x1080,32,176.0
Call of Duty WWII,Intel Core i7-7700K,RX Vega 56,8,Ultra,2560x1440,16,75.0
STALKER 2,Intel Core i9-14900K,RTX 4070,12,Ultra,2560x1440,32,57.8
Red Dead Redemption 2,Intel Core i9-9900K,RX 580,8,Ultra,2560x1440,16,26.3
Senua's Saga: Hellblade II,Intel Core i9-14900K,Arc A770,16,Ultra,3840x2160,32,15.2
Far Cry 6,AMD Ryzen 7 5800X,RTX 3090,24,Ultra,3840x2160,16,84.4
Borderlands 3,Intel Core i9-9900K,RX 5700 XT,8,Ultra,1920x1080,16,75.4
Dying Light 2,AMD Ryzen 7 5800X,RTX 3090,24,Ultra,1920x1080,16,166.0
Dying Light 2,AMD Ryzen 7 5800X,RTX 2080 Ti,11,Ultra,2560x1440,16,83.4
STALKER 2,Intel Core i9-14900K,RTX 4070 Ti,12,Ultra,3840x2160,32,39.6
Call of Duty: Black Ops 6,Intel Core i9-14900K,RTX 4080 Super,16,Ultra,3840x2160,32,74.0
DOOM Eternal,Intel Core i9-9900K,RTX 2080 Super,8,Ultra,1920x1080,16,231.0
STALKER 2,Intel Core i9-14900K,RTX 4060 Ti,16,Ultra,2560x1440,32,43.4
Senua's Saga: Hellblade II,Intel Core i9-14900K,RTX 4060 Ti,16,Ultra,3840x2160,32,20.4
Far Cry 6,AMD Ryzen 7 5800X,RTX 3070,8,Ultra,1920x1080,16,119.0
Red Dead Redemption 2,Intel Core i9-9900K,GTX 1080 Ti,11,Ultra,1920x1080,16,54.5
God of War Ragnarok,Intel Core i9-14900K,RTX 3090 Ti,24,Ultra,1920x1080,32,134.6
Senua's Saga: Hellblade II,Intel Core i9-14900K,RX 7800 XT,16,Ultra,1920x1080,32,70.7
Star Wars Outlaws,Intel Core i9-14900K,RX 6700 XT,12,Ultra,3840x2160,32,14.8
Counter-Strike 2,Intel Core i9-13900K,RX 6800,16,Ultra,3840x2160,32,108.4
Star Wars Outlaws,Intel Core i9-14900K,RTX 4060,8,Ultra,1920x1080,32,46.5
Cyberpunk 2077,Intel Core i9-13900K,RTX 2080 Ti,11,Ultra,1920x1080,32,80.7
Call of Duty Modern Warfare,Intel Core i9-9900K,GTX 1660 Ti,6,Ultra,1920x1080,16,95.8
Death Stranding,Intel Core i9-9900K,GTX 1650 Super,4,Ultra,1920x1080,16,73.6
Call of Duty Modern Warfare,Intel Core i9-9900K,RTX 2060 Super,8,Ultra,2560x1440,16,86.5
Watch Dogs Legion,Intel Core i9-9900K,RX 5700 XT,8,Ultra,1920x1080,16,61.8
Senua's Saga: Hellblade II,Intel Core i9-14900K,RX 6800,16,Ultra,2560x1440,32,41.9
Call of Duty Modern Warfare,Intel Core i9-9900K,RX 5700,8,Ultra,2560x1440,16,86.0
STALKER 2,Intel Core i9-14900K,RTX 3070 Ti,8,Ultra,2560x1440,32,49.5
Watch Dogs Legion,Intel Core i9-9900K,RTX 3090,24,Ultra,2560x1440,16,79.7
Star Wars Outlaws,Intel Core i9-14900K,RX 7700 XT,12,Ultra,3840x2160,32,21.8
Baldur's Gate 3,Intel Core i9-13900K,RX 7900 XT,20,Ultra,1920x1080,32,192.0
Cyberpunk 2077,Intel Core i9-9900K,GTX 1070,8,Ultra,3840x2160,16,10.0
Counter-Strike 2,Intel Core i9-13900K,Arc A770,16,Ultra,3840x2160,32,59.7
Counter-Strike 2,Intel Core i9-13900K,RTX 3060,12,Ultra,3840x2160,32,65.4
Call of Duty: Black Ops 6,Intel Core i9-14900K,RTX 3090,24,Ultra,2560x1440,32,92.0
Elden Ring,AMD Ryzen 7 5800X,GTX 1660 Ti,6,Ultra,3840x2160,16,26.5
Counter-Strike 2,Intel Core i9-13900K,GTX 1630,4,Ultra,1920x1080,32,50.3
God of War,AMD Ryzen 7 5800X,GTX 1080,8,Ultra,1920x1080,16,56.4
Baldur's Gate 3,Intel Core i9-13900K,RX 7900 XTX,24,Ultra,3840x2160,32,112.5
Call of Duty: Black Ops 6,Intel Core i9-14900K,RTX 4070 Super,12,Ultra,2560x1440,32,100.0
Star Wars Outlaws,Intel Core i9-14900K,RX 6900 XT,16,Ultra,3840x2160,32,24.1
Star Wars Outlaws,Intel Core i9-14900K,RX 6700 XT,12,Ultra,2560x1440,32,30.1
God of War Ragnarok,Intel Core i9-14900K,RX 7700 XT,12,Ultra,1920x1080,32,75.8
DOOM: The Dark Ages,AMD Ryzen 7 9800X3D,RTX 4080,16,Ultra,1920x1080,32,132.0
Cyberpunk 2077,Intel Core i9-13900K,RTX 2080 Ti,11,Ultra,2560x1440,32,53.5
Star Wars Outlaws,Intel Core i9-14900K,RX 6800,16,Ultra,3840x2160,32,19.3
DOOM: The Dark Ages,AMD Ryzen 7 9800X3D,Arc B580,12,Ultra,3840x2160,32,18.9
Cyberpunk 2077,Intel Core i9-13900K,Arc A770,16,Ultra,2560x1440,32,44.7
Counter-Strike 2,Intel Core i9-13900K,RX 6700 XT,12,Ultra,3840x2160,32,78.0
Elden Ring,AMD Ryzen 7 5800X,RTX 3070,8,Ultra,3840x2160,16,55.4
Dying Light 2,AMD Ryzen 7 5800X,RX 6600 XT,8,Ultra,2560x1440,16,56.9
Red Dead Redemption 2,Intel Core i9-9900K,RX Vega 56,8,Ultra,2560x1440,16,40.0
Dying Light 2,AMD Ryzen 7 5800X,RX 5600 XT,6,Ultra,2560x1440,16,47.7
Counter-Strike 2,Intel Core i9-13900K,RTX 4060 Ti,16,Ultra,3840x2160,32,83.4
Elden Ring,AMD Ryzen 7 5800X,RX 6800 XT,16,Ultra,3840x2160,16,59.5
Senua's Saga: Hellblade II,Intel Core i9-14900K,RTX 4060,8,Ultra,1920x1080,32,43.1
STALKER 2,Intel Core i9-14900K,RTX 3090,24,Ultra,2560x1440,32,63.0
Death Stranding,Intel Core i9-9900K,RX 5700 XT,8,Ultra,2560x1440,16,98.8
DOOM: The Dark Ages,AMD Ryzen 7 9800X3D,RTX 5060 Ti,8,Ultra,2560x1440,32,53.0
Watch Dogs Legion,Intel Core i9-9900K,RTX 2070,8,Ultra,3840x2160,16,25.6
Elden Ring,AMD Ryzen 7 5800X,GTX 1080 Ti,11,Ultra,1920x1080,16,59.0
Senua's Saga: Hellblade II,Intel Core i9-14900K,RTX 3060,12,Ultra,2560x1440,32,25.2
Battlefield V,Intel Core i7-8700K,GTX 1080,8,Ultra,2560x1440,16,84.5
Baldur's Gate 3,Intel Core i9-13900K,RX 6800 XT,16,Ultra,1920x1080,32,160.1
Cyberpunk 2077,Intel Core i9-13900K,RX 6800 XT,16,Ultra,2560x1440,32,66.3
Dying Light 2,AMD Ryzen 7 5800X,RTX 2080,8,Ultra,3840x2160,16,33.7
God of War,AMD Ryzen 7 5800X,RTX 2080 Ti,11,Ultra,3840x2160,16,53.5
God of War,AMD Ryzen 7 5800X,RX 5600 XT,6,Ultra,2560x1440,16,29.7
God of War Ragnarok,Intel Core i9-14900K,RX 6800,16,Ultra,1920x1080,32,70.0
Cyberpunk 2077,Intel Core i9-13900K,RTX 4090,24,Ultra,2560x1440,32,129.4
Watch Dogs Legion,Intel Core i9-9900K,GTX 1070 Ti,8,Ultra,3840x2160,16,19.4
Far Cry 6,AMD Ryzen 7 5800X,RX 6800 XT,16,Ultra,1920x1080,16,117.7
Watch Dogs Legion,Intel Core i9-9900K,RX 580,8,Ultra,3840x2160,16,12.5
Battlefield V,Intel Core i7-8700K,GTX 1060,3,Ultra,1920x1080,16,45.8
God of War,AMD Ryzen 7 5800X,RX 6800,16,Ultra,2560x1440,16,85.3
Far Cry 6,AMD Ryzen 7 5800X,GTX 1060,6,Ultra,3840x2160,16,19.6
Counter-Strike 2,Intel Core i9-13900K,RX 7600,8,Ultra,3840x2160,32,50.0
Cyberpunk 2077,Intel Core i9-13900K,RX 5700 XT,8,Ultra,3840x2160,32,14.7
Cyberpunk 2077,Intel Core i9-9900K,RTX 3080,10,Ultra,1920x1080,16,108.5
STALKER 2,Intel Core i9-14900K,RX 6800,16,Ultra,3840x2160,32,24.3
Call of Duty: Black Ops 6,Intel Core i9-14900K,RTX 4070 Ti Super,16,Ultra,3840x2160,32,61.0
Senua's Saga: Hellblade II,Intel Core i9-14900K,RX 6600,8,Ultra,3840x2160,32,7.4
DOOM: The Dark Ages,AMD Ryzen 7 9800X3D,RX 6600,8,Ultra,2560x1440,32,21.5
Cyberpunk 2077,Intel Core i9-9900K,RX 6800,16,Ultra,1920x1080,16,89.5
DOOM Eternal,Intel Core i9-9900K,GTX 1650 Super,4,Ultra,3840x2160,16,31.1
Dying Light 2,AMD Ryzen 7 5800X,GTX 1070,8,Ultra,2560x1440,16,32.6
STALKER 2,Intel Core i9-14900K,RX 6800 XT,16,Ultra,1920x1080,32,65.4
DOOM Eternal,Intel Core i9-9900K,GTX 1070 Ti,8,Ultra,1920x1080,16,130.1
God of War,AMD Ryzen 7 5800X,RX 6600,8,Ultra,2560x1440,16,45.1
Call of Duty WWII,Intel Core i7-7700K,RX 470,4,Ultra,1920x1080,16,53.8
DOOM Eternal,Intel Core i9-9900K,GTX 1660 Super,6,Ultra,1920x1080,16,116.3
DOOM Eternal,Intel Core i9-9900K,RX Vega 64,8,Ultra,3840x2160,16,58.3
Star Wars Outlaws,Intel Core i9-14900K,RX 7800 XT,16,Ultra,2560x1440,32,49.1
God of War,AMD Ryzen 7 5800X,RX 5600 XT,6,Ultra,1920x1080,16,46.4
Call of Duty: Black Ops 6,Intel Core i9-14900K,RTX 3060 Ti,8,Ultra,3840x2160,32,28.0
God of War,AMD Ryzen 7 5800X,RTX 3090,24,Ultra,3840x2160,16,79.9
Senua's Saga: Hellblade II,Intel Core i9-14900K,RTX 4070 Super,12,Ultra,3840x2160,32,31.3
DOOM: The Dark Ages,AMD Ryzen 7 9800X3D,RTX 4070,12,Ultra,2560x1440,32,65.0
Far Cry 6,AMD Ryzen 7 5800X,RX 5600 XT,6,Ultra,2560x1440,16,59.4
Cyberpunk 2077,Intel Core i9-9900K,RX 6800 XT,16,Ultra,3840x2160,16,34.0
Baldur's Gate 3,Intel Core i9-13900K,Arc A770,16,Ultra,3840x2160,32,40.8
Red Dead Redemption 2,Intel Core i9-9900K,RTX 2070 Super,8,Ultra,2560x1440,16,34.8
STALKER 2,Intel Core i9-14900K,RX 6600 XT,8,Ultra,1920x1080,32,40.0
Red Dead Redemption 2,Intel Core i9-9900K,RX 580,8,Ultra,1920x1080,16,34.0
DOOM Eternal,Intel Core i9-9900K,GTX 1070,8,Ultra,2560x1440,16,76.2
DOOM Eternal,Intel Core i9-9900K,Radeon VII,16,Ultra,2560x1440,16,126.2
Baldur's Gate 3,Intel Core i9-13900K,RTX 3090 Ti,24,Ultra,2560x1440,32,155.1
Death Stranding,Intel Core i9-9900K,RX 5700,8,Ultra,2560x1440,16,86.9
Star Wars Outlaws,Intel Core i9-14900K,RX 6800 XT,16,Ultra,3840x2160,32,22.6
Star Wars Outlaws,Intel Core i9-14900K,RTX 3070,8,Ultra,1920x1080,32,61.5
STALKER 2,Intel Core i9-14900K,RX 6600 XT,8,Ultra,3840x2160,32,10.5
Star Wars Outlaws,Intel Core i9-14900K,RTX 4080,16,Ultra,1920x1080,32,125.4
DOOM Eternal,Intel Core i9-9900K,GTX 1060,6,Ultra,3840x2160,16,28.7
Star Wars Outlaws,Intel Core i9-14900K,RTX 4080,16,Ultra,2560x1440,32,84.3
Call of Duty: Black Ops 6,Intel Core i9-14900K,RTX 4060 Ti,16,Ultra,2560x1440,32,64.0
Cyberpunk 2077,Intel Core i9-13900K,RTX 3060,12,Ultra,3840x2160,32,17.2
God of War,AMD Ryzen 7 5800X,RX 5500 XT,4,Ultra,2560x1440,16,13.9
God of War,AMD Ryzen 7 5800X,RX 580,8,Ultra,1920x1080,16,36.1
Dying Light 2,AMD Ryzen 7 5800X,RTX 3070,8,Ultra,1920x1080,16,115.7
Senua's Saga: Hellblade II,Intel Core i9-14900K,RTX 4070 Ti,12,Ultra,1920x1080,32,87.1
Call of Duty WWII,Intel Core i7-7700K,RX 580,8,Ultra,1920x1080,16,67.7
Call of Duty: Black Ops 6,Intel Core i9-14900K,RX 7700 XT,12,Ultra,1920x1080,32,137.0
DOOM: The Dark Ages,AMD Ryzen 7 9800X3D,RTX 5060 Ti,8,Ultra,3840x2160,32,13.3
Senua's Saga: Hellblade II,Intel Core i9-14900K,RTX 4070 Super,12,Ultra,2560x1440,32,57.0
Far Cry 6,AMD Ryzen 7 5800X,RTX 2060,6,Ultra,2560x1440,16,59.7
Elden Ring,AMD Ryzen 7 5800X,RTX 3080,10,Ultra,1920x1080,16,59.2
Call of Duty: Black Ops 6,Intel Core i9-14900K,RTX 3070 Ti,8,Ultra,2560x1440,32,66.0
Death Stranding,Intel Core i9-9900K,GTX 1070,8,Ultra,3840x2160,16,32.7
Senua's Saga: Hellblade II,Intel Core i9-14900K,RTX 3090 Ti,24,Ultra,2560x1440,32,62.8
Baldur's Gate 3,Intel Core i9-13900K,RTX 3090 Ti,24,Ultra,3840x2160,32,94.3
Star Wars Outlaws,Intel Core i9-14900K,RTX 4070 Super,12,Ultra,3840x2160,32,25.2
God of War,AMD Ryzen 7 5800X,RX 580,8,Ultra,2560x1440,16,28.0
Call of Duty: Black Ops 6,Intel Core i9-14900K,RX 6900 XT,16,Ultra,2560x1440,32,113.0
Cyberpunk 2077,Intel Core i9-13900K,RTX 3070,8,Ultra,1920x1080,32,83.0
DOOM: The Dark Ages,AMD Ryzen 7 9800X3D,RTX 5080,16,Ultra,1920x1080,32,129.9
God of War Ragnarok,Intel Core i9-14900K,RX 7600,8,Ultra,2560x1440,32,40.6
DOOM: The Dark Ages,AMD Ryzen 7 9800X3D,RTX 5080,16,Ultra,2560x1440,32,96.2
Far Cry 6,AMD Ryzen 7 5800X,RTX 3090,24,Ultra,2560x1440,16,119.2
Senua's Saga: Hellblade II,Intel Core i9-14900K,RTX 4070 Ti Super,16,Ultra,2560x1440,32,65.6
Baldur's Gate 3,Intel Core i9-13900K,Arc A770,16,Ultra,1920x1080,32,91.3
Cyberpunk 2077,Intel Core i9-9900K,RX 6800 XT,16,Ultra,1920x1080,16,106.5
Counter-Strike 2,Intel Core i9-13900K,RX 6800 XT,16,Ultra,1920x1080,32,339.2
Borderlands 3,Intel Core i9-9900K,RTX 2080 Super,8,Ultra,2560x1440,16,65.7
Call of Duty Modern Warfare,Intel Core i9-9900K,GTX 1060,6,Ultra,2560x1440,16,40.2
Death Stranding,Intel Core i9-9900K,GTX 1060,3,Ultra,1920x1080,16,53.6
Zenless Zone Zero,AMD Ryzen 5 5600G,GTX 1060,6,Ultra,1920x1080,16,48.0
God of War,AMD Ryzen 7 5800X,GTX 1060,6,Ultra,1920x1080,16,33.5
God of War,AMD Ryzen 7 5800X,GTX 1080 Ti,11,Ultra,2560x1440,16,57.3
DOOM: The Dark Ages,AMD Ryzen 7 9800X3D,RTX 3050,8,Ultra,3840x2160,32,7.2
DOOM: The Dark Ages,AMD Ryzen 7 9800X3D,RTX 5070,12,Ultra,3840x2160,32,37.6
Battlefield V,Intel Core i7-8700K,GTX 1070 Ti,8,Ultra,1920x1080,16,106.4
DOOM Eternal,Intel Core i9-9900K,RTX 2080 Ti,11,Ultra,1920x1080,16,260.6
Call of Duty: Black Ops 6,Intel Core i9-14900K,RX 7900 XT,20,Ultra,1920x1080,32,192.0
Call of Duty: Black Ops 6,Intel Core i9-14900K,RX 7900 XTX,24,Ultra,3840x2160,32,89.0
Call of Duty: Black Ops 6,Intel Core i9-14900K,RX 7800 XT,16,Ultra,1920x1080,32,159.0
Watch Dogs Legion,Intel Core i9-9900K,GTX 1660 Super,6,Ultra,3840x2160,16,14.9
Dying Light 2,AMD Ryzen 7 5800X,RTX 2080 Ti,11,Ultra,3840x2160,16,45.2
Far Cry 6,AMD Ryzen 7 5800X,RTX 2080,8,Ultra,2560x1440,16,81.4
Zenless Zone Zero,Intel Core i5-12400F,RTX 4060,8,Ultra,2560x1440,32,119.0
Elden Ring,AMD Ryzen 7 5800X,RX 5500 XT,4,Ultra,3840x2160,16,20.2
Star Wars Outlaws,Intel Core i9-14900K,RX 6800,16,Ultra,2560x1440,32,38.9
STALKER 2,Intel Core i9-14900K,RTX 2080 Ti,11,Ultra,2560x1440,32,44.6
God of War,AMD Ryzen 7 5800X,RX 5600 XT,6,Ultra,3840x2160,16,12.9
Cyberpunk 2077,Intel Core i9-9900K,RTX 2080 Ti,11,Ultra,3840x2160,16,30.1
Elden Ring,AMD Ryzen 7 5800X,RTX 3070 Ti,8,Ultra,1920x1080,16,59.2
DOOM: The Dark Ages,AMD Ryzen 7 9800X3D,RTX 4090,24,Ultra,2560x1440,32,120.2
God of War,AMD Ryzen 7 5800X,GTX 1080,8,Ultra,2560x1440,16,42.8
Watch Dogs 2,Intel Core i7-6700K,GTX 970,4,Ultra,1920x1080,16,42.5
Star Wars Outlaws,Intel Core i9-14900K,RTX 3080,10,Ultra,2560x1440,32,53.8
STALKER 2,Intel Core i9-14900K,RX 7900 XT,20,Ultra,2560x1440,32,66.7
God of War Ragnarok,Intel Core i9-14900K,RTX 3060 Ti,8,Ultra,3840x2160,32,35.4
Cyberpunk 2077,Intel Core i9-9900K,RX 6800,16,Ultra,2560x1440,16,60.5
DOOM Eternal,Intel Core i9-9900K,GTX 1060,3,Ultra,1920x1080,16,64.3
Senua's Saga: Hellblade II,Intel Core i9-14900K,RTX 3060 Ti,8,Ultra,2560x1440,32,33.1
Far Cry 6,AMD Ryzen 7 5800X,RTX 2060,6,Ultra,3840x2160,16,32.4
Call of Duty: Black Ops 6,Intel Core i9-14900K,RX 6900 XT,16,Ultra,1920x1080,32,164.0
Death Stranding,Intel Core i9-9900K,GTX 1650 Super,4,Ultra,2560x1440,16,51.7
Baldur's Gate 3,Intel Core i9-13900K,RTX 4060 Ti,8,Ultra,1920x1080,32,127.9
Star Wars Outlaws,Intel Core i9-14900K,RX 7600,8,Ultra,3840x2160,32,13.4
Star Wars Outlaws,Intel Core i9-14900K,RTX 3070 Ti,8,Ultra,1920x1080,32,65.1
STALKER 2,Intel Core i9-14900K,Arc A750,8,Ultra,1920x1080,32,36.0
Counter-Strike 2,Intel Core i9-13900K,RTX 3070,8,Ultra,3840x2160,32,107.7
Borderlands 3,Intel Core i9-9900K,RTX 2070,8,Ultra,1920x1080,16,74.9
STALKER 2,Intel Core i9-14900K,RTX 3050,8,Ultra,2560x1440,32,21.0
Watch Dogs Legion,Intel Core i9-9900K,RX Vega 64,8,Ultra,1920x1080,16,52.1
Call of Duty: Black Ops 6,Intel Core i9-14900K,RTX 4060 Ti,8,Ultra,1920x1080,32,101.0
Cyberpunk 2077,Intel Core i9-13900K,RTX 4060 Ti,16,Ultra,1920x1080,32,80.1
Cyberpunk 2077,Intel Core i9-13900K,RX 7900 XT,20,Ultra,2560x1440,32,86.1
DOOM Eternal,Intel Core i9-9900K,RTX 2070,8,Ultra,3840x2160,16,66.9
Battlefield V,Intel Core i7-8700K,RX 580,8,Ultra,1920x1080,16,76.3
Counter-Strike 2,Intel Core i9-13900K,GTX 1630,4,Ultra,2560x1440,32,33.4
God of War,AMD Ryzen 7 5800X,GTX 1080,8,Ultra,3840x2160,16,26.6
Watch Dogs 2,Intel Core i7-6700K,RX 460,4,Ultra,2560x1440,16,13.9
Star Wars Outlaws,Intel Core i9-14900K,RTX 4060 Ti,16,Ultra,3840x2160,32,12.8
Cyberpunk 2077,Intel Core i9-13900K,RTX 3070 Ti,8,Ultra,3840x2160,32,29.1
God of War Ragnarok,Intel Core i9-14900K,RTX 3090,24,Ultra,1920x1080,32,124.8
God of War Ragnarok,Intel Core i9-14900K,RTX 3070,8,Ultra,2560x1440,32,66.2
Elden Ring,AMD Ryzen 7 5800X,RX 5700 XT,8,Ultra,1920x1080,16,58.3
Star Wars Outlaws,Intel Core i9-14900K,RTX 2080 Ti,11,Ultra,3840x2160,32,14.3
Baldur's Gate 3,Intel Core i9-13900K,RX 6700 XT,12,Ultra,1920x1080,32,114.6
Call of Duty: Black Ops 6,Intel Core i9-14900K,RX 7700 XT,12,Ultra,2560x1440,32,95.0
Death Stranding,Intel Core i9-9900K,RX Vega 64,8,Ultra,1920x1080,16,100.2
Cyberpunk 2077,Intel Core i9-9900K,RTX 3070,8,Ultra,2560x1440,16,56.1
Cyberpunk 2077,Intel Core i9-13900K,RX 7900 XTX,24,Ultra,3840x2160,32,53.6
STALKER 2,Intel Core i9-14900K,RTX 3050,8,Ultra,3840x2160,32,11.1
Death Stranding,Intel Core i9-9900K,RX 5700,8,Ultra,3840x2160,16,48.7
Call of Duty: Black Ops 6,Intel Core i9-14900K,RTX 4070 Super,12,Ultra,3840x2160,32,52.0
Watch Dogs Legion,Intel Core i9-9900K,RTX 2080,8,Ultra,2560x1440,16,50.6
Borderlands 3,Intel Core i9-9900K,GTX 1080,8,Ultra,2560x1440,16,44.2
Star Wars Outlaws,Intel Core i9-14900K,RX 7600,8,Ultra,1920x1080,32,39.9
Star Wars Outlaws,Intel Core i9-14900K,RTX 4060 Ti,16,Ultra,2560x1440,32,40.0
Counter-Strike 2,Intel Core i9-13900K,Arc A750,8,Ultra,1920x1080,32,140.7
Death Stranding,Intel Core i9-9900K,Radeon VII,16,Ultra,1920x1080,16,115.0
Senua's Saga: Hellblade II,Intel Core i9-14900K,RTX 3060,12,Ultra,3840x2160,32,13.4
Cyberpunk 2077,Intel Core i9-9900K,GTX 1060,6,Ultra,2560x1440,16,15.7
Red Dead Redemption 2,Intel Core i9-9900K,RTX 2060,6,Ultra,1920x1080,16,51.8
Senua's Saga: Hellblade II,Intel Core i9-14900K,RX 7600 XT,16,Ultra,1920x1080,32,44.2
Call of Duty: Black Ops 6,Intel Core i9-14900K,RTX 3090 Ti,24,Ultra,3840x2160,32,57.0
Baldur's Gate 3,Intel Core i9-13900K,RTX 3080,10,Ultra,1920x1080,32,159.8
Call of Duty: Black Ops 6,Intel Core i9-14900K,RX 6600,8,Ultra,2560x1440,32,42.0
God of War Ragnarok,Intel Core i9-14900K,RTX 4080 Super,16,Ultra,1920x1080,32,155.5
Senua's Saga: Hellblade II,Intel Core i9-14900K,RTX 4070 Ti Super,16,Ultra,3840x2160,32,37.4
DOOM: The Dark Ages,AMD Ryzen 7 9800X3D,RTX 3060,12,Ultra,1920x1080,32,45.7
Senua's Saga: Hellblade II,Intel Core i9-14900K,RX 5700 XT,8,Ultra,3840x2160,32,10.4
God of War Ragnarok,Intel Core i9-14900K,RTX 4090,24,Ultra,3840x2160,32,108.7
Call of Duty WWII,Intel Core i7-7700K,GTX 970,4,Ultra,2560x1440,16,43.3
Red Dead Redemption 2,Intel Core i9-9900K,GTX 1080 Ti,11,Ultra,2560x1440,16,29.7
Dying Light 2,AMD Ryzen 7 5800X,RX 5700 XT,8,Ultra,3840x2160,16,33.9
DOOM Eternal,Intel Core i9-9900K,RTX 2060,6,Ultra,2560x1440,16,100.4
Call of Duty: Black Ops 6,Intel Core i9-14900K,Arc A770,16,Ultra,1920x1080,32,59.0
Counter-Strike 2,Intel Core i9-13900K,RX 6900 XT,16,Ultra,3840x2160,32,136.4
Counter-Strike 2,Intel Core i9-13900K,RTX 4090,24,Ultra,1920x1080,32,541.3
Counter-Strike 2,Intel Core i9-13900K,RTX 4060 Ti,8,Ultra,3840x2160,32,85.2
God of War,AMD Ryzen 7 5800X,RTX 3060 Ti,8,Ultra,3840x2160,16,45.4
DOOM Eternal,Intel Core i9-9900K,RTX 2080 Ti,11,Ultra,2560x1440,16,185.1
Call of Duty: Black Ops 6,Intel Core i9-14900K,RX 6600 XT,8,Ultra,2560x1440,32,52.0
DOOM Eternal,Intel Core i9-9900K,GTX 1080 Ti,11,Ultra,1920x1080,16,175.2
Call of Duty: Black Ops 6,Intel Core i9-14900K,RTX 3090,24,Ultra,1920x1080,32,133.0
DOOM: The Dark Ages,AMD Ryzen 7 9800X3D,RX 6600 XT,8,Ultra,1920x1080,32,37.8
Death Stranding,Intel Core i9-9900K,RTX 2080,8,Ultra,1920x1080,16,138.0
God of War Ragnarok,Intel Core i9-14900K,RTX 3070 Ti,8,Ultra,3840x2160,32,43.9
Borderlands 3,Intel Core i9-9900K,GTX 1080 Ti,11,Ultra,1920x1080,16,87.7
Far Cry 6,AMD Ryzen 7 5800X,RX 6900 XT,16,Ultra,3840x2160,16,78.0
God of War,AMD Ryzen 7 5800X,RTX 2080,8,Ultra,1920x1080,16,82.7
Senua's Saga: Hellblade II,Intel Core i9-14900K,RX 6900 XT,16,Ultra,1920x1080,32,73.6
Watch Dogs Legion,Intel Core i9-9900K,GTX 1060,3,Ultra,2560x1440,16,15.9
Call of Duty: Black Ops 6,Intel Core i9-14900K,RTX 4060,8,Ultra,1920x1080,32,77.0
Call of Duty Modern Warfare,Intel Core i9-9900K,RTX 2080,8,Ultra,2560x1440,16,110.4
Star Wars Outlaws,Intel Core i9-14900K,RX 7900 XT,20,Ultra,2560x1440,32,65.0
Counter-Strike 2,Intel Core i9-13900K,RTX 4070,12,Ultra,3840x2160,32,114.6
Borderlands 3,Intel Core i9-9900K,RTX 2070 Super,8,Ultra,2560x1440,16,57.1
Death Stranding,Intel Core i9-9900K,RTX 2060,6,Ultra,1920x1080,16,103.8
Call of Duty: Black Ops 6,Intel Core i9-14900K,RTX 3050,8,Ultra,3840x2160,32,14.0
Death Stranding,Intel Core i9-9900K,GTX 1660 Super,6,Ultra,2560x1440,16,64.4
Call of Duty: Black Ops 6,Intel Core i9-14900K,RX 7900 GRE,16,Ultra,2560x1440,32,123.0
Death Stranding,Intel Core i9-9900K,GTX 1070 Ti,8,Ultra,3840x2160,16,38.0
DOOM: The Dark Ages,AMD Ryzen 7 9800X3D,RX 7800 XT,16,Ultra,3840x2160,32,29.3
Senua's Saga: Hellblade II,Intel Core i9-14900K,RX 7700 XT,12,Ultra,3840x2160,32,24.8
Dying Light 2,AMD Ryzen 7 5800X,RTX 3070,8,Ultra,2560x1440,16,85.9
Baldur's Gate 3,Intel Core i9-13900K,RX 6800,16,Ultra,3840x2160,32,60.1
Death Stranding,Intel Core i9-9900K,GTX 1060,3,Ultra,3840x2160,16,18.8
STALKER 2,Intel Core i9-14900K,RTX 3090 Ti,24,Ultra,1920x1080,32,88.6
Watch Dogs Legion,Intel Core i9-9900K,RTX 3080,10,Ultra,2560x1440,16,73.3
Cyberpunk 2077,Intel Core i9-13900K,RX 7900 XTX,24,Ultra,2560x1440,32,98.0
Dying Light 2,AMD Ryzen 7 5800X,RX 6700 XT,12,Ultra,1920x1080,16,105.0
Far Cry 6,AMD Ryzen 7 5800X,GTX 1060,6,Ultra,1920x1080,16,49.6
Call of Duty WWII,Intel Core i7-7700K,GTX 970,4,Ultra,1920x1080,16,55.7
Red Dead Redemption 2,Intel Core i9-9900K,GTX 1080,8,Ultra,2560x1440,16,34.5
God of War Ragnarok,Intel Core i9-14900K,RTX 3090,24,Ultra,2560x1440,32,97.2
Far Cry 6,AMD Ryzen 7 5800X,RX 6800 XT,16,Ultra,3840x2160,16,77.8
Star Wars Outlaws,Intel Core i9-14900K,RX 7900 XTX,24,Ultra,2560x1440,32,75.8
Counter-Strike 2,Intel Core i9-13900K,RX 6500 XT,4,Ultra,1920x1080,32,88.5
DOOM: The Dark Ages,AMD Ryzen 7 9800X3D,RTX 3060,12,Ultra,3840x2160,32,14.7
Senua's Saga: Hellblade II,Intel Core i9-14900K,RX 7800 XT,16,Ultra,2560x1440,32,51.5
Dying Light 2,AMD Ryzen 7 5800X,RX 6800 XT,16,Ultra,2560x1440,16,110.5
DOOM: The Dark Ages,AMD Ryzen 7 9800X3D,RX 7700 XT,12,Ultra,1920x1080,32,71.7
Dying Light 2,AMD Ryzen 7 5800X,RX 6600 XT,8,Ultra,3840x2160,16,30.9
DOOM Eternal,Intel Core i9-9900K,RX 590,8,Ultra,3840x2160,16,40.6
Far Cry 6,AMD Ryzen 7 5800X,RTX 2070,8,Ultra,2560x1440,16,66.8
God of War Ragnarok,Intel Core i9-14900K,RX 7900 XTX,24,Ultra,2560x1440,32,113.2
God of War Ragnarok,Intel Core i9-14900K,RX 6900 XT,16,Ultra,1920x1080,32,88.6
Dying Light 2,AMD Ryzen 7 5800X,RX 6700 XT,12,Ultra,3840x2160,16,43.5
Call of Duty Modern Warfare,Intel Core i9-9900K,RTX 2060,6,Ultra,2560x1440,16,77.7
God of War Ragnarok,Intel Core i9-14900K,RTX 4080 Super,16,Ultra,3840x2160,32,83.4
STALKER 2,Intel Core i9-14900K,RX 7600,8,Ultra,1920x1080,32,43.8
Cyberpunk 2077,Intel Core i9-9900K,RX Vega 64,8,Ultra,1920x1080,16,48.8
Counter-Strike 2,Intel Core i9-13900K,RX 7900 XTX,24,Ultra,3840x2160,32,160.1
God of War Ragnarok,Intel Core i9-14900K,RTX 4080,16,Ultra,3840x2160,32,81.4
Cyberpunk 2077,Intel Core i9-9900K,RX 6900 XT,16,Ultra,3840x2160,16,36.4
STALKER 2,Intel Core i9-14900K,RTX 4060,8,Ultra,1920x1080,32,50.8
Star Wars Outlaws,Intel Core i9-14900K,RX 7700 XT,12,Ultra,1920x1080,32,64.6
God of War,AMD Ryzen 7 5800X,GTX 1060,6,Ultra,3840x2160,16,19.5
Senua's Saga: Hellblade II,Intel Core i9-14900K,Arc A770,16,Ultra,2560x1440,32,26.8
Cyberpunk 2077,Intel Core i9-9900K,GTX 1660 Ti,6,Ultra,3840x2160,16,11.4
Call of Duty Modern Warfare,Intel Core i9-9900K,GTX 1060,3,Ultra,1920x1080,16,51.1
DOOM: The Dark Ages,AMD Ryzen 7 9800X3D,RTX 4080,16,Ultra,3840x2160,32,52.8
DOOM: The Dark Ages,AMD Ryzen 7 9800X3D,RX 6700 XT,12,Ultra,3840x2160,32,16.6
Elden Ring,AMD Ryzen 7 5800X,RTX 2080 Ti,11,Ultra,3840x2160,16,56.1
DOOM: The Dark Ages,AMD Ryzen 7 9800X3D,RX 6600,8,Ultra,1920x1080,32,33.4
Call of Duty: Black Ops 6,Intel Core i9-14900K,RTX 4060,8,Ultra,2560x1440,32,49.0
God of War,AMD Ryzen 7 5800X,RX 5700 XT,8,Ultra,3840x2160,16,32.4
God of War Ragnarok,Intel Core i9-14900K,RTX 4080 Super,16,Ultra,2560x1440,32,130.1
Watch Dogs Legion,Intel Core i9-9900K,RTX 2060 Super,8,Ultra,2560x1440,16,41.4
Battlefield V,Intel Core i7-8700K,RX 570,4,Ultra,1920x1080,16,69.1
Cyberpunk 2077,Intel Core i9-9900K,RTX 2070,8,Ultra,2560x1440,16,39.1
Call of Duty Modern Warfare,Intel Core i9-9900K,GeForce RTX 2070,8,Ultra,1920x1080,16,124.7
Dying Light 2,AMD Ryzen 7 5800X,RX 6700 XT,12,Ultra,2560x1440,16,80.2
Cyberpunk 2077,Intel Core i9-13900K,RX 5700 XT,8,Ultra,1920x1080,32,44.2
Senua's Saga: Hellblade II,Intel Core i9-14900K,RTX 2080 Ti,11,Ultra,3840x2160,32,19.4
Call of Duty: Black Ops 6,Intel Core i9-14900K,RTX 4070 Ti Super,16,Ultra,1920x1080,32,168.0
Cyberpunk 2077,Intel Core i9-13900K,RTX 3070,8,Ultra,2560x1440,32,54.5
Far Cry 6,AMD Ryzen 7 5800X,RX 580,8,Ultra,2560x1440,16,36.4
Borderlands 3,Intel Core i9-9900K,RX Vega 56,8,Ultra,2560x1440,16,38.8
DOOM: The Dark Ages,AMD Ryzen 7 9800X3D,RX 7900 XT,20,Ultra,3840x2160,32,39.6
Call of Duty: Black Ops 6,Intel Core i9-14900K,RX 7600 XT,16,Ultra,3840x2160,32,32.0
God of War Ragnarok,Intel Core i9-14900K,RX 7700 XT,12,Ultra,3840x2160,32,43.1
Cyberpunk 2077,Intel Core i9-9900K,RX 5700 XT,8,Ultra,3840x2160,16,16.4
DOOM Eternal,Intel Core i9-9900K,RX 5600 XT,6,Ultra,2560x1440,16,101.6
Death Stranding,Intel Core i9-9900K,GTX 1660 Super,6,Ultra,1920x1080,16,88.7
Red Dead Redemption 2,Intel Core i9-9900K,GTX 1070 Ti,8,Ultra,2560x1440,16,33.2
God of War Ragnarok,Intel Core i9-14900K,RX 7800 XT,16,Ultra,3840x2160,32,50.6
STALKER 2,Intel Core i9-14900K,RX 7900 GRE,16,Ultra,2560x1440,32,56.3
DOOM: The Dark Ages,AMD Ryzen 7 9800X3D,RTX 4070 Ti,12,Ultra,3840x2160,32,40.5
Senua's Saga: Hellblade II,Intel Core i9-14900K,RX 6800,16,Ultra,1920x1080,32,58.3
God of War Ragnarok,Intel Core i9-14900K,RTX 4070 Super,12,Ultra,2560x1440,32,95.2
Senua's Saga: Hellblade II,Intel Core i9-14900K,RX 7600 XT,16,Ultra,2560x1440,32,30.1
Far Cry 6,AMD Ryzen 7 5800X,GTX 1660 Ti,6,Ultra,2560x1440,16,50.6
Far Cry 6,AMD Ryzen 7 5800X,GTX 1660 Ti,6,Ultra,3840x2160,16,20.0
DOOM Eternal,Intel Core i9-9900K,GTX 1080 Ti,11,Ultra,2560x1440,16,120.2
STALKER 2,Intel Core i9-14900K,RTX 3080,10,Ultra,3840x2160,32,34.5
Baldur's Gate 3,Intel Core i9-13900K,RTX 3090,24,Ultra,2560x1440,32,136.5
Far Cry 6,AMD Ryzen 7 5800X,RX 5700 XT,8,Ultra,3840x2160,16,43.4
Death Stranding,Intel Core i9-9900K,GTX 1080,8,Ultra,3840x2160,16,40.0
Counter-Strike 2,Intel Core i9-13900K,GTX 1660 Super,6,Ultra,3840x2160,32,47.8
Red Dead Redemption 2,Intel Core i9-9900K,GTX 1660,6,Ultra,2560x1440,16,18.4
Baldur's Gate 3,Intel Core i9-13900K,RX 6600 XT,8,Ultra,1920x1080,32,95.1
Cyberpunk 2077,Intel Core i9-9900K,RTX 2060,6,Ultra,1920x1080,16,54.0
Baldur's Gate 3,Intel Core i9-13900K,RTX 4060 Ti,16,Ultra,3840x2160,32,49.4
Elden Ring,AMD Ryzen 7 5800X,RX 6700 XT,12,Ultra,1920x1080,16,58.7
Battlefield V,Intel Core i7-8700K,GTX 1070 Ti,8,Ultra,2560x1440,16,80.4
Star Wars Outlaws,Intel Core i9-14900K,RX 7900 XTX,24,Ultra,1920x1080,32,109.6
God of War Ragnarok,Intel Core i9-14900K,RX 7600 XT,16,Ultra,3840x2160,32,28.7
Senua's Saga: Hellblade II,Intel Core i9-14900K,RTX 2080 Ti,11,Ultra,2560x1440,32,35.6
Red Dead Redemption 2,Intel Core i9-9900K,GTX 1060,6,Ultra,1920x1080,16,26.4
God of War Ragnarok,Intel Core i9-14900K,RX 7900 XTX,24,Ultra,1920x1080,32,134.4
Star Wars Outlaws,Intel Core i9-14900K,RTX 3060 Ti,8,Ultra,2560x1440,32,34.4
Senua's Saga: Hellblade II,Intel Core i9-14900K,RTX 4090,24,Ultra,2560x1440,32,92.8
Call of Duty Modern Warfare,Intel Core i9-9900K,RTX 2080 Super,8,Ultra,1920x1080,16,157.2
Call of Duty: Black Ops 6,Intel Core i9-14900K,RX 6800 XT,16,Ultra,1920x1080,32,151.0
DOOM Eternal,Intel Core i9-9900K,GTX 1070 Ti,8,Ultra,3840x2160,16,49.2
Call of Duty Modern Warfare,Intel Core i9-9900K,GTX 1070,8,Ultra,2560x1440,16,55.9
STALKER 2,Intel Core i9-14900K,RTX 4080 Super,16,Ultra,2560x1440,32,84.4
Red Dead Redemption 2,Intel Core i9-9900K,RTX 2060,6,Ultra,2560x1440,16,41.6
Cyberpunk 2077,Intel Core i9-13900K,RTX 3060,12,Ultra,2560x1440,32,35.1
DOOM: The Dark Ages,AMD Ryzen 7 9800X3D,RTX 3060,12,Ultra,2560x1440,32,29.1
Watch Dogs Legion,Intel Core i9-9900K,GTX 1080,8,Ultra,2560x1440,16,35.3
Cyberpunk 2077,Intel Core i9-13900K,RTX 4060 Ti,16,Ultra,2560x1440,32,50.3
Watch Dogs Legion,Intel Core i9-9900K,RTX 2060,6,Ultra,3840x2160,16,17.6
Elden Ring,AMD Ryzen 7 5800X,RX 6800 XT,16,Ultra,1920x1080,16,59.1
Elden Ring,AMD Ryzen 7 5800X,GTX 1080 Ti,11,Ultra,3840x2160,16,44.8
Star Wars Outlaws,Intel Core i9-14900K,RTX 3090 Ti,24,Ultra,3840x2160,32,37.7
Death Stranding,Intel Core i9-9900K,GTX 1080 Ti,11,Ultra,2560x1440,16,85.1
STALKER 2,Intel Core i9-14900K,RTX 4070 Ti,12,Ultra,1920x1080,32,95.4
God of War,AMD Ryzen 7 5800X,RTX 3090,24,Ultra,1920x1080,16,131.5
Counter-Strike 2,Intel Core i9-13900K,RX 6600 XT,8,Ultra,2560x1440,32,115.6
Death Stranding,Intel Core i9-9900K,RX 590,8,Ultra,3840x2160,16,28.0
Call of Duty WWII,Intel Core i7-7700K,RX Vega 64,8,Ultra,2560x1440,16,84.5
Call of Duty WWII,Intel Core i7-7700K,GTX 1080,8,Ultra,1920x1080,16,113.6
Baldur's Gate 3,Intel Core i9-13900K,RX 7900 XTX,24,Ultra,2560x1440,32,176.3
Call of Duty WWII,Intel Core i7-7700K,GTX 1080,8,Ultra,2560x1440,16,85.1
Senua's Saga: Hellblade II,Intel Core i9-14900K,RX 7600,8,Ultra,3840x2160,32,9.3
Counter-Strike 2,Intel Core i9-13900K,RTX 3090,24,Ultra,3840x2160,32,157.5
God of War,AMD Ryzen 7 5800X,RTX 3080,10,Ultra,2560x1440,16,104.7
Cyberpunk 2077,Intel Core i9-13900K,RX 6800 XT,16,Ultra,3840x2160,32,33.2
Call of Duty: Black Ops 6,Intel Core i9-14900K,RTX 4080,16,Ultra,3840x2160,32,72.0
Counter-Strike 2,Intel Core i9-13900K,RX 7700 XT,12,Ultra,2560x1440,32,156.2
DOOM: The Dark Ages,AMD Ryzen 7 9800X3D,RX 7600,8,Ultra,3840x2160,32,9.7
Call of Duty: Black Ops 6,Intel Core i9-14900K,RTX 4090,24,Ultra,1920x1080,32,236.0
Dying Light 2,AMD Ryzen 7 5800X,GTX 1070,8,Ultra,1920x1080,16,50.5
God of War Ragnarok,Intel Core i9-14900K,RX 6900 XT,16,Ultra,3840x2160,32,48.0
Cyberpunk 2077,Intel Core i9-13900K,RTX 3060 Ti,8,Ultra,2560x1440,32,46.5
Star Wars Outlaws,Intel Core i9-14900K,RTX 4060 Ti,8,Ultra,2560x1440,32,40.5
God of War Ragnarok,Intel Core i9-14900K,RX 7900 XT,20,Ultra,1920x1080,32,121.3
Watch Dogs Legion,Intel Core i9-9900K,RX 590,8,Ultra,2560x1440,16,23.8
Call of Duty Modern Warfare,Intel Core i9-9900K,RX 5700,8,Ultra,1920x1080,16,121.1
STALKER 2,Intel Core i9-14900K,RTX 4070,12,Ultra,1920x1080,32,79.4
God of War Ragnarok,Intel Core i9-14900K,RTX 4080,16,Ultra,1920x1080,32,154.4
Red Dead Redemption 2,Intel Core i9-9900K,GTX 1070,8,Ultra,2560x1440,16,18.3
Cyberpunk 2077,Intel Core i9-9900K,RTX 3090,24,Ultra,2560x1440,16,78.1
Call of Duty: Black Ops 6,Intel Core i9-14900K,RTX 3080,10,Ultra,1920x1080,32,120.0
Senua's Saga: Hellblade II,Intel Core i9-14900K,RTX 4070 Ti Super,16,Ultra,1920x1080,32,89.2
Senua's Saga: Hellblade II,Intel Core i9-14900K,RX 6600 XT,8,Ultra,3840x2160,32,8.5
DOOM: The Dark Ages,AMD Ryzen 7 9800X3D,RTX 5060 Ti,16,Ultra,3840x2160,32,27.6
God of War,AMD Ryzen 7 5800X,RX 6800,16,Ultra,3840x2160,16,54.5
DOOM: The Dark Ages,AMD Ryzen 7 9800X3D,RTX 5070 Ti,16,Ultra,2560x1440,32,86.6
Far Cry 6,AMD Ryzen 7 5800X,RTX 2080 Ti,11,Ultra,2560x1440,16,94.8
Red Dead Redemption 2,Intel Core i9-9900K,RX 590,8,Ultra,2560x1440,16,31.0
DOOM Eternal,Intel Core i9-9900K,RTX 2080,8,Ultra,1920x1080,16,216.1
Watch Dogs Legion,Intel Core i9-9900K,GTX 1660 Ti,6,Ultra,2560x1440,16,26.5
DOOM: The Dark Ages,AMD Ryzen 7 9800X3D,RX 7900 GRE,16,Ultra,3840x2160,32,32.9
Counter-Strike 2,Intel Core i9-13900K,RTX 2060,6,Ultra,3840x2160,32,58.4
Watch Dogs Legion,Intel Core i9-9900K,GTX 1660 Ti,6,Ultra,1920x1080,16,37.2
Senua's Saga: Hellblade II,Intel Core i9-14900K,RX 6700 XT,12,Ultra,1920x1080,32,49.5
Far Cry 6,AMD Ryzen 7 5800X,RTX 3090,24,Ultra,1920x1080,16,119.5
Cyberpunk 2077,Intel Core i9-13900K,Arc A770,16,Ultra,1920x1080,32,65.5
Senua's Saga: Hellblade II,Intel Core i9-14900K,RX 6800,16,Ultra,3840x2160,32,23.6
Far Cry 6,AMD Ryzen 7 5800X,RX 6700 XT,12,Ultra,2560x1440,16,90.8
Cyberpunk 2077,Intel Core i9-9900K,RX Vega 64,8,Ultra,2560x1440,16,31.0
God of War,AMD Ryzen 7 5800X,GTX 1060,6,Ultra,2560x1440,16,25.8
Red Dead Redemption 2,Intel Core i9-9900K,RTX 2080 Ti,11,Ultra,1920x1080,16,88.2
Cyberpunk 2077,Intel Core i9-13900K,RTX 4060 Ti,8,Ultra,2560x1440,32,51.9
Zenless Zone Zero,Intel Core i5-14400F,RTX 3060,12,Ultra,1920x1080,32,77.0
Cyberpunk 2077,Intel Core i9-13900K,RTX 3080,10,Ultra,3840x2160,32,36.8
Borderlands 3,Intel Core i9-9900K,RTX 2060 Super,8,Ultra,1920x1080,16,71.5
DOOM Eternal,Intel Core i9-9900K,RX 5700 XT,8,Ultra,1920x1080,16,182.4
Death Stranding,Intel Core i9-9900K,Radeon VII,16,Ultra,2560x1440,16,90.4
Call of Duty Modern Warfare,Intel Core i9-9900K,RX 580,8,Ultra,2560x1440,16,50.5
Dying Light 2,AMD Ryzen 7 5800X,RTX 3050,8,Ultra,3840x2160,16,19.5
Counter-Strike 2,Intel Core i9-13900K,RTX 3090 Ti,24,Ultra,1920x1080,32,446.5
Elden Ring,AMD Ryzen 7 5800X,RX 6500 XT,4,Ultra,3840x2160,16,17.2
Elden Ring,AMD Ryzen 7 5800X,RTX 3090,24,Ultra,3840x2160,16,59.9
Red Dead Redemption 2,Intel Core i9-9900K,RX 590,8,Ultra,2560x1440,16,19.4
Watch Dogs Legion,Intel Core i9-9900K,RTX 3070,8,Ultra,1920x1080,16,77.0
Call of Duty: Black Ops 6,Intel Core i9-14900K,RX 5700 XT,8,Ultra,3840x2160,32,26.0
Cyberpunk 2077,Intel Core i9-13900K,RX 6600 XT,8,Ultra,1920x1080,32,56.8
God of War Ragnarok,Intel Core i9-14900K,RTX 3070 Ti,8,Ultra,2560x1440,32,69.5
Elden Ring,AMD Ryzen 7 5800X,RX 6700 XT,12,Ultra,3840x2160,16,51.0
Elden Ring,AMD Ryzen 7 5800X,GTX 1660 Ti,6,Ultra,1920x1080,16,58.3
DOOM: The Dark Ages,AMD Ryzen 7 9800X3D,RTX 3060 Ti,8,Ultra,1920x1080,32,58.0
God of War Ragnarok,Intel Core i9-14900K,RTX 3070 Ti,8,Ultra,1920x1080,32,89.4
God of War,AMD Ryzen 7 5800X,RX 6600 XT,8,Ultra,3840x2160,16,30.8
Baldur's Gate 3,Intel Core i9-13900K,RX 6900 XT,16,Ultra,2560x1440,32,135.0
Baldur's Gate 3,Intel Core i9-13900K,RX 6800 XT,16,Ultra,3840x2160,32,71.6
DOOM: The Dark Ages,AMD Ryzen 7 9800X3D,RX 6700 XT,12,Ultra,2560x1440,32,33.1
Death Stranding,Intel Core i9-9900K,RTX 2080 Super,8,Ultra,2560x1440,16,110.1
God of War Ragnarok,Intel Core i9-14900K,RX 6600,8,Ultra,1920x1080,32,45.4
DOOM: The Dark Ages,AMD Ryzen 7 9800X3D,Arc B580,12,Ultra,2560x1440,32,36.5
DOOM: The Dark Ages,AMD Ryzen 7 9800X3D,RTX 4070 Ti Super,16,Ultra,3840x2160,32,45.1
STALKER 2,Intel Core i9-14900K,RX 6800 XT,16,Ultra,2560x1440,32,48.9
Call of Duty: Black Ops 6,Intel Core i9-14900K,RTX 4070 Ti,12,Ultra,2560x1440,32,108.0
STALKER 2,Intel Core i9-14900K,RX 6800 XT,16,Ultra,3840x2160,32,28.0
Cyberpunk 2077,Intel Core i9-9900K,GTX 1060,3,Ultra,2560x1440,16,13.6
DOOM: The Dark Ages,AMD Ryzen 7 9800X3D,RX 9070,16,Ultra,2560x1440,32,81.1
Watch Dogs Legion,Intel Core i9-9900K,RTX 2080 Super,8,Ultra,2560x1440,16,52.2
STALKER 2,Intel Core i9-14900K,RTX 4070 Ti Super,16,Ultra,1920x1080,32,98.7
Counter-Strike 2,Intel Core i9-13900K,RX Vega 64,8,Ultra,1920x1080,32,111.8
Cyberpunk 2077,Intel Core i9-13900K,RX 6700 XT,12,Ultra,3840x2160,32,22.1
Elden Ring,AMD Ryzen 7 5800X,RX 580,8,Ultra,1920x1080,16,44.2
Counter-Strike 2,Intel Core i9-13900K,RTX 4070 Ti,12,Ultra,1920x1080,32,429.3
Star Wars Outlaws,Intel Core i9-14900K,RTX 4090,24,Ultra,1920x1080,32,163.2
Senua's Saga: Hellblade II,Intel Core i9-14900K,RTX 3050,8,Ultra,1920x1080,32,27.0
DOOM: The Dark Ages,AMD Ryzen 7 9800X3D,RX 7600 XT,16,Ultra,3840x2160,32,14.4
Red Dead Redemption 2,Intel Core i9-9900K,GTX 1080,8,Ultra,2560x1440,16,22.7
STALKER 2,Intel Core i9-14900K,RTX 4070 Super,12,Ultra,3840x2160,32,36.3
Watch Dogs 2,Intel Core i7-6700K,GTX 980 Ti,6,Ultra,2560x1440,16,42.4
Watch Dogs Legion,Intel Core i9-9900K,RTX 2080 Ti,11,Ultra,2560x1440,16,60.3
Star Wars Outlaws,Intel Core i9-14900K,RTX 3090,24,Ultra,3840x2160,32,32.7
Dying Light 2,AMD Ryzen 7 5800X,RTX 2060,6,Ultra,3840x2160,16,23.1
Watch Dogs Legion,Intel Core i9-9900K,RTX 2080 Ti,11,Ultra,1920x1080,16,75.8
Senua's Saga: Hellblade II,Intel Core i9-14900K,RX 6600,8,Ultra,1920x1080,32,31.9
Death Stranding,Intel Core i9-9900K,RX 580,8,Ultra,2560x1440,16,48.9
Battlefield V,Intel Core i7-8700K,RX Vega 56,8,Ultra,1920x1080,16,107.1
Watch Dogs Legion,Intel Core i9-9900K,RTX 2070,8,Ultra,1920x1080,16,56.2
Red Dead Redemption 2,Intel Core i9-9900K,RTX 2060,6,Ultra,2560x1440,16,26.0
Counter-Strike 2,Intel Core i9-13900K,RTX 3060 Ti,8,Ultra,2560x1440,32,178.1
Counter-Strike 2,Intel Core i9-13900K,GTX 1660 Super,6,Ultra,1920x1080,32,142.3
DOOM Eternal,Intel Core i9-9900K,RX 590,8,Ultra,1920x1080,16,105.4
God of War,AMD Ryzen 7 5800X,RX 6900 XT,16,Ultra,2560x1440,16,99.8
Elden Ring,AMD Ryzen 7 5800X,RX 5500 XT,4,Ultra,2560x1440,16,37.0
Senua's Saga: Hellblade II,Intel Core i9-14900K,RX 6800 XT,16,Ultra,2560x1440,32,48.8
Red Dead Redemption 2,Intel Core i9-9900K,RTX 2070 Super,8,Ultra,2560x1440,16,55.0
Death Stranding,Intel Core i9-9900K,RTX 2060,6,Ultra,2560x1440,16,75.5
Death Stranding,Intel Core i9-9900K,RTX 2080 Super,8,Ultra,1920x1080,16,143.9
Cyberpunk 2077,Intel Core i9-13900K,RX 6600 XT,8,Ultra,2560x1440,32,36.3
Death Stranding,Intel Core i9-9900K,RTX 2080,8,Ultra,2560x1440,16,105.6
Baldur's Gate 3,Intel Core i9-13900K,RTX 3070,8,Ultra,2560x1440,32,92.2
Dying Light 2,AMD Ryzen 7 5800X,RX 6900 XT,16,Ultra,2560x1440,16,128.9
Star Wars Outlaws,Intel Core i9-14900K,RX 7800 XT,16,Ultra,3840x2160,32,25.3
Far Cry 6,AMD Ryzen 7 5800X,RX 6900 XT,16,Ultra,2560x1440,16,116.8
Battlefield V,Intel Core i7-8700K,RTX 2080,8,Ultra,2560x1440,16,111.1
Cyberpunk 2077,Intel Core i9-13900K,RTX 3060 Ti,8,Ultra,3840x2160,32,23.1
Cyberpunk 2077,Intel Core i9-13900K,RTX 3070,8,Ultra,3840x2160,32,27.5
DOOM Eternal,Intel Core i9-9900K,GTX 1060,3,Ultra,3840x2160,16,22.9
DOOM: The Dark Ages,AMD Ryzen 7 9800X3D,RX 6800,16,Ultra,2560x1440,32,42.1
Cyberpunk 2077,Intel Core i9-13900K,RX 7600,8,Ultra,2560x1440,32,41.5
Senua's Saga: Hellblade II,Intel Core i9-14900K,RTX 4060 Ti,8,Ultra,3840x2160,32,13.5
Watch Dogs Legion,Intel Core i9-9900K,RTX 3080,10,Ultra,3840x2160,16,49.6
DOOM: The Dark Ages,AMD Ryzen 7 9800X3D,RX 6600 XT,8,Ultra,3840x2160,32,9.1
Counter-Strike 2,Intel Core i9-13900K,RTX 2080,8,Ultra,1920x1080,32,248.2
STALKER 2,Intel Core i9-14900K,RTX 4080,16,Ultra,3840x2160,32,49.5
Cyberpunk 2077,Intel Core i9-13900K,RX 6900 XT,16,Ultra,2560x1440,32,70.5
Call of Duty: Black Ops 6,Intel Core i9-14900K,RTX 2080 Ti,11,Ultra,3840x2160,32,27.0
God of War Ragnarok,Intel Core i9-14900K,RTX 3060 Ti,8,Ultra,2560x1440,32,56.3
Baldur's Gate 3,Intel Core i9-13900K,Arc A750,8,Ultra,2560x1440,32,63.4
Cyberpunk 2077,Intel Core i9-9900K,RX 580,8,Ultra,2560x1440,16,17.9
Baldur's Gate 3,Intel Core i9-13900K,Arc A770,16,Ultra,2560x1440,32,69.7
Call of Duty WWII,Intel Core i7-7700K,GTX 1080 Ti,11,Ultra,2560x1440,16,111.3
Call of Duty: Black Ops 6,Intel Core i9-14900K,Arc A750,8,Ultra,3840x2160,32,24.0
Borderlands 3,Intel Core i9-9900K,RTX 2070,8,Ultra,2560x1440,16,50.9
DOOM: The Dark Ages,AMD Ryzen 7 9800X3D,RX 6800,16,Ultra,1920x1080,32,60.8
God of War Ragnarok,Intel Core i9-14900K,RTX 3080,10,Ultra,1920x1080,32,107.9
Call of Duty: Black Ops 6,Intel Core i9-14900K,RTX 2080 Ti,11,Ultra,2560x1440,32,49.0
Cyberpunk 2077,Intel Core i9-13900K,RTX 3050,8,Ultra,3840x2160,32,12.3
Elden Ring,AMD Ryzen 7 5800X,RTX 3070,8,Ultra,1920x1080,16,59.1
Counter-Strike 2,Intel Core i9-13900K,RTX 2080 Ti,11,Ultra,2560x1440,32,212.5
Death Stranding,Intel Core i9-9900K,RTX 2060 Super,8,Ultra,2560x1440,16,84.1
STALKER 2,Intel Core i9-14900K,RX 5700 XT,8,Ultra,1920x1080,32,38.1
God of War Ragnarok,Intel Core i9-14900K,RX 6600 XT,8,Ultra,1920x1080,32,50.7
Cyberpunk 2077,Intel Core i9-9900K,RX 5600 XT,6,Ultra,3840x2160,16,11.7
DOOM: The Dark Ages,AMD Ryzen 7 9800X3D,RTX 3080,10,Ultra,3840x2160,32,32.7
DOOM Eternal,Intel Core i9-9900K,RX 580,8,Ultra,1920x1080,16,93.5
God of War Ragnarok,Intel Core i9-14900K,RTX 2080 Ti,11,Ultra,3840x2160,32,40.7
Baldur's Gate 3,Intel Core i9-13900K,RX 7600,8,Ultra,3840x2160,32,40.6
Counter-Strike 2,Intel Core i9-13900K,RTX 3070,8,Ultra,2560x1440,32,206.1
Senua's Saga: Hellblade II,Intel Core i9-14900K,RTX 3090 Ti,24,Ultra,1920x1080,32,85.0
God of War Ragnarok,Intel Core i9-14900K,RX 6800,16,Ultra,3840x2160,32,39.0
Call of Duty: Black Ops 6,Intel Core i9-14900K,RX 6800,16,Ultra,1920x1080,32,129.0
Cyberpunk 2077,Intel Core i9-13900K,RX 6600 XT,8,Ultra,3840x2160,32,16.3
God of War Ragnarok,Intel Core i9-14900K,RTX 4090,24,Ultra,2560x1440,32,161.9
Watch Dogs Legion,Intel Core i9-9900K,RTX 2070,8,Ultra,2560x1440,16,42.8
Counter-Strike 2,Intel Core i9-13900K,RTX 2080 Ti,11,Ultra,3840x2160,32,111.0
Elden Ring,AMD Ryzen 7 5800X,RX 6900 XT,16,Ultra,2560x1440,16,59.9
Red Dead Redemption 2,Intel Core i9-9900K,RTX 2080,8,Ultra,2560x1440,16,59.0
Far Cry 6,AMD Ryzen 7 5800X,RTX 3080,10,Ultra,3840x2160,16,76.2
Death Stranding,Intel Core i9-9900K,RX Vega 64,8,Ultra,2560x1440,16,75.1
Call of Duty: Black Ops 6,Intel Core i9-14900K,RX 6900 XT,16,Ultra,3840x2160,32,63.0
Red Dead Redemption 2,Intel Core i9-9900K,RX 5700,8,Ultra,2560x1440,16,47.1
Baldur's Gate 3,Intel Core i9-13900K,RTX 4090,24,Ultra,2560x1440,32,215.8
Call of Duty Modern Warfare,Intel Core i9-9900K,RTX 2060,6,Ultra,1920x1080,16,110.8
God of War Ragnarok,Intel Core i9-14900K,RTX 4070 Ti,12,Ultra,2560x1440,32,102.4
Call of Duty WWII,Intel Core i7-7700K,RX Vega 64,8,Ultra,1920x1080,16,107.0
Call of Duty: Black Ops 6,Intel Core i9-14900K,RTX 3060,12,Ultra,3840x2160,32,20.0
Counter-Strike 2,Intel Core i9-13900K,RTX 3050,8,Ultra,2560x1440,32,90.5
DOOM Eternal,Intel Core i9-9900K,GTX 1650 Super,4,Ultra,2560x1440,16,62.8
God of War Ragnarok,Intel Core i9-14900K,RTX 3050,8,Ultra,3840x2160,32,18.8
Battlefield V,Intel Core i7-8700K,RX 580,8,Ultra,2560x1440,16,58.9
Baldur's Gate 3,Intel Core i9-13900K,RTX 3060 Ti,8,Ultra,1920x1080,32,108.2
God of War,AMD Ryzen 7 5800X,RX 6500 XT,4,Ultra,1920x1080,16,25.5
Borderlands 3,Intel Core i9-9900K,Radeon VII,16,Ultra,2560x1440,16,55.1
Elden Ring,AMD Ryzen 7 5800X,RTX 3060 Ti,8,Ultra,3840x2160,16,47.9
DOOM Eternal,Intel Core i9-9900K,RX 5500 XT,4,Ultra,1920x1080,16,69.7
Call of Duty WWII,Intel Core i7-7700K,GTX 1060,6,Ultra,1920x1080,16,68.8
God of War,AMD Ryzen 7 5800X,RX 5700 XT,8,Ultra,1920x1080,16,67.4
Senua's Saga: Hellblade II,Intel Core i9-14900K,RX 7900 XTX,24,Ultra,3840x2160,32,43.9
Far Cry 6,AMD Ryzen 7 5800X,RTX 3080,10,Ultra,2560x1440,16,117.4
God of War,AMD Ryzen 7 5800X,RTX 3070,8,Ultra,2560x1440,16,79.6
Cyberpunk 2077,Intel Core i9-13900K,RX 6800 XT,16,Ultra,1920x1080,32,96.7
Call of Duty: Black Ops 6,Intel Core i9-14900K,RX 6800 XT,16,Ultra,2560x1440,32,103.0
Star Wars Outlaws,Intel Core i9-14900K,RX 7900 XTX,24,Ultra,3840x2160,32,40.1
STALKER 2,Intel Core i9-14900K,RTX 4070 Super,12,Ultra,1920x1080,32,88.0
Senua's Saga: Hellblade II,Intel Core i9-14900K,RTX 4060 Ti,8,Ultra,1920x1080,32,56.0
Counter-Strike 2,Intel Core i9-13900K,RTX 4090,24,Ultra,2560x1440,32,457.0
Baldur's Gate 3,Intel Core i9-13900K,RTX 3060,12,Ultra,3840x2160,32,35.6
Cyberpunk 2077,Intel Core i9-9900K,GTX 1070,8,Ultra,2560x1440,16,23.1
DOOM: The Dark Ages,AMD Ryzen 7 9800X3D,RX 9070,16,Ultra,1920x1080,32,115.4
Call of Duty Modern Warfare,Intel Core i9-9900K,RX Vega 56,8,Ultra,2560x1440,16,70.7
Cyberpunk 2077,Intel Core i9-13900K,RTX 4060,8,Ultra,3840x2160,32,18.3
Senua's Saga: Hellblade II,Intel Core i9-14900K,RTX 2080 Ti,11,Ultra,1920x1080,32,52.2
Star Wars Outlaws,Intel Core i9-14900K,RTX 4070 Ti,12,Ultra,1920x1080,32,104.4
God of War,AMD Ryzen 7 5800X,RTX 2080,8,Ultra,2560x1440,16,65.2
Call of Duty: Black Ops 6,Intel Core i9-14900K,RTX 4070 Ti,12,Ultra,3840x2160,32,60.0
Dying Light 2,AMD Ryzen 7 5800X,RTX 2060,6,Ultra,1920x1080,16,61.0
Call of Duty: Black Ops 6,Intel Core i9-14900K,RX 5700 XT,8,Ultra,2560x1440,32,48.0
Baldur's Gate 3,Intel Core i9-13900K,RTX 4060 Ti,16,Ultra,2560x1440,32,93.9
God of War Ragnarok,Intel Core i9-14900K,RTX 3070,8,Ultra,1920x1080,32,86.5
Cyberpunk 2077,Intel Core i9-9900K,RTX 2060,6,Ultra,3840x2160,16,14.4
STALKER 2,Intel Core i9-14900K,RTX 3060 Ti,8,Ultra,2560x1440,32,40.5
God of War Ragnarok,Intel Core i9-14900K,RTX 4060 Ti,8,Ultra,1920x1080,32,82.6
Cyberpunk 2077,Intel Core i9-13900K,RTX 4080,16,Ultra,2560x1440,32,103.3
DOOM: The Dark Ages,AMD Ryzen 7 9800X3D,RTX 4070 Super,12,Ultra,3840x2160,32,37.3
Baldur's Gate 3,Intel Core i9-13900K,RTX 4070,12,Ultra,3840x2160,32,67.6
Elden Ring,AMD Ryzen 7 5800X,RTX 3090,24,Ultra,2560x1440,16,60.0
Far Cry 6,AMD Ryzen 7 5800X,RX 6600 XT,8,Ultra,1920x1080,16,101.1
Watch Dogs 2,Intel Core i7-6700K,RX 480,8,Ultra,2560x1440,16,30.9
DOOM: The Dark Ages,AMD Ryzen 7 9800X3D,RTX 4060 Ti,16,Ultra,1920x1080,32,72.4
Senua's Saga: Hellblade II,Intel Core i9-14900K,RX 7700 XT,12,Ultra,2560x1440,32,44.5
STALKER 2,Intel Core i9-14900K,RX 6900 XT,16,Ultra,1920x1080,32,68.4
Senua's Saga: Hellblade II,Intel Core i9-14900K,RTX 3050,8,Ultra,2560x1440,32,16.1
Watch Dogs Legion,Intel Core i9-9900K,GTX 1060,6,Ultra,3840x2160,16,11.6
God of War Ragnarok,Intel Core i9-14900K,RTX 4060,8,Ultra,3840x2160,32,30.2
Watch Dogs Legion,Intel Core i9-9900K,RTX 3090,24,Ultra,3840x2160,16,54.7
Borderlands 3,Intel Core i9-9900K,RX 5700 XT,8,Ultra,2560x1440,16,52.7
Watch Dogs 2,Intel Core i7-6700K,GTX 1060,6,Ultra,2560x1440,16,33.9
Elden Ring,AMD Ryzen 7 5800X,RX 6600,8,Ultra,1920x1080,16,58.3
Senua's Saga: Hellblade II,Intel Core i9-14900K,RX 6900 XT,16,Ultra,2560x1440,32,52.4
Borderlands 3,Intel Core i9-9900K,GTX 1080,8,Ultra,1920x1080,16,66.2
Red Dead Redemption 2,Intel Core i9-9900K,RX Vega 64,8,Ultra,2560x1440,16,27.7
Watch Dogs Legion,Intel Core i9-9900K,RX 5700,8,Ultra,2560x1440,16,38.6
DOOM: The Dark Ages,AMD Ryzen 7 9800X3D,RX 7600 XT,16,Ultra,2560x1440,32,29.2
Call of Duty Modern Warfare,Intel Core i9-9900K,RTX 2080 Super,8,Ultra,2560x1440,16,115.2
Far Cry 6,AMD Ryzen 7 5800X,RX 5600 XT,6,Ultra,3840x2160,16,19.9
Watch Dogs Legion,Intel Core i9-9900K,GTX 1060,6,Ultra,1920x1080,16,30.1
STALKER 2,Intel Core i9-14900K,RX 6600 XT,8,Ultra,2560x1440,32,27.9
Cyberpunk 2077,Intel Core i9-9900K,RTX 2080,8,Ultra,3840x2160,16,23.6
Cyberpunk 2077,Intel Core i9-9900K,RX 6800,16,Ultra,3840x2160,16,29.4
Star Wars Outlaws,Intel Core i9-14900K,RX 6800 XT,16,Ultra,1920x1080,32,69.3
DOOM Eternal,Intel Core i9-9900K,RTX 2060,6,Ultra,3840x2160,16,53.7
God of War,AMD Ryzen 7 5800X,RTX 3060,12,Ultra,2560x1440,16,53.3
DOOM: The Dark Ages,AMD Ryzen 7 9800X3D,RTX 3080,10,Ultra,2560x1440,32,62.3
God of War,AMD Ryzen 7 5800X,RX 6700 XT,12,Ultra,2560x1440,16,69.3
Elden Ring,AMD Ryzen 7 5800X,RX Vega 64,8,Ultra,2560x1440,16,52.4
DOOM: The Dark Ages,AMD Ryzen 7 9800X3D,RTX 3070 Ti,8,Ultra,3840x2160,32,13.6
DOOM: The Dark Ages,AMD Ryzen 7 9800X3D,RTX 3060 Ti,8,Ultra,2560x1440,32,39.5
Counter-Strike 2,Intel Core i9-13900K,RTX 4070,12,Ultra,1920x1080,32,348.0
DOOM: The Dark Ages,AMD Ryzen 7 9800X3D,Arc A770,16,Ultra,2560x1440,32,28.3
Elden Ring,AMD Ryzen 7 5800X,RTX 3080,10,Ultra,2560x1440,16,59.9
Cyberpunk 2077,Intel Core i9-13900K,RX 7900 XT,20,Ultra,1920x1080,32,123.7
Dying Light 2,AMD Ryzen 7 5800X,GTX 1080 Ti,11,Ultra,3840x2160,16,29.4
Call of Duty WWII,Intel Core i7-7700K,R9 Fury X,4,Ultra,2560x1440,16,57.8
Call of Duty Modern Warfare,Intel Core i9-9900K,RTX 2080 Ti,11,Ultra,2560x1440,16,133.8
Counter-Strike 2,Intel Core i9-13900K,RX 7800 XT,16,Ultra,3840x2160,32,100.0
Cyberpunk 2077,Intel Core i9-13900K,RTX 3090,24,Ultra,2560x1440,32,79.7
Cyberpunk 2077,Intel Core i9-13900K,RTX 4070,12,Ultra,3840x2160,32,32.6
DOOM: The Dark Ages,AMD Ryzen 7 9800X3D,RTX 4060 Ti,8,Ultra,1920x1080,32,72.7
Senua's Saga: Hellblade II,Intel Core i9-14900K,RTX 3060,12,Ultra,1920x1080,32,37.9
Borderlands 3,Intel Core i9-9900K,RX 5700,8,Ultra,1920x1080,16,64.5
Red Dead Redemption 2,Intel Core i9-9900K,RTX 2080 Ti,11,Ultra,2560x1440,16,46.2
Cyberpunk 2077,Intel Core i9-13900K,RTX 3050,8,Ultra,1920x1080,32,39.9
Death Stranding,Intel Core i9-9900K,RX 5500 XT,4,Ultra,1920x1080,16,75.4
Watch Dogs Legion,Intel Core i9-9900K,RX 580,8,Ultra,1920x1080,16,31.6
Counter-Strike 2,Intel Core i9-13900K,RX 580,8,Ultra,2560x1440,32,52.3
Cyberpunk 2077,Intel Core i9-13900K,RX 7700 XT,12,Ultra,2560x1440,32,62.2
Cyberpunk 2077,Intel Core i9-9900K,RTX 2080,8,Ultra,2560x1440,16,47.6
Far Cry 6,AMD Ryzen 7 5800X,RX Vega 64,8,Ultra,1920x1080,16,79.6
Call of Duty: Black Ops 6,Intel Core i9-14900K,RTX 3070 Ti,8,Ultra,1920x1080,32,100.0
Death Stranding,Intel Core i9-9900K,RTX 2060,6,Ultra,3840x2160,16,42.5
Star Wars Outlaws,Intel Core i9-14900K,RX 6800,16,Ultra,1920x1080,32,59.2
God of War Ragnarok,Intel Core i9-14900K,RX 6700 XT,12,Ultra,1920x1080,32,60.9
Cyberpunk 2077,Intel Core i9-13900K,RTX 3090,24,Ultra,1920x1080,32,118.2
Elden Ring,AMD Ryzen 7 5800X,RTX 3060,12,Ultra,3840x2160,16,36.2
Call of Duty: Black Ops 6,Intel Core i9-14900K,RTX 4080,16,Ultra,1920x1080,32,185.0
God of War Ragnarok,Intel Core i9-14900K,RTX 4070 Super,12,Ultra,3840x2160,32,60.2
Far Cry 6,AMD Ryzen 7 5800X,RX 6700 XT,12,Ultra,1920x1080,16,116.0
Borderlands 3,Intel Core i9-9900K,GTX 1070 Ti,8,Ultra,2560x1440,16,43.3
DOOM: The Dark Ages,AMD Ryzen 7 9800X3D,RTX 4080 Super,16,Ultra,3840x2160,32,53.5
God of War,AMD Ryzen 7 5800X,RX 6900 XT,16,Ultra,1920x1080,16,115.6
Cyberpunk 2077,Intel Core i9-9900K,GTX 1060,6,Ultra,1920x1080,16,26.6
Watch Dogs Legion,Intel Core i9-9900K,RX Vega 64,8,Ultra,2560x1440,16,38.4
Call of Duty: Black Ops 6,Intel Core i9-14900K,RTX 4060 Ti,8,Ultra,2560x1440,32,66.0
God of War Ragnarok,Intel Core i9-14900K,RTX 4070 Ti,12,Ultra,3840x2160,32,64.8
Death Stranding,Intel Core i9-9900K,GTX 1080,8,Ultra,2560x1440,16,69.0
Counter-Strike 2,Intel Core i9-13900K,RX 7900 XTX,24,Ultra,1920x1080,32,438.2
Counter-Strike 2,Intel Core i9-13900K,RX 6700 XT,12,Ultra,1920x1080,32,209.2
Star Wars Outlaws,Intel Core i9-14900K,RX 5700 XT,8,Ultra,1920x1080,32,31.3
Red Dead Redemption 2,Intel Core i9-9900K,GTX 1660 Ti,6,Ultra,1920x1080,16,44.4
Dying Light 2,AMD Ryzen 7 5800X,RX 5600 XT,6,Ultra,1920x1080,16,68.9
Counter-Strike 2,Intel Core i9-13900K,RTX 3070,8,Ultra,1920x1080,32,302.2
Watch Dogs Legion,Intel Core i9-9900K,GTX 1660,6,Ultra,1920x1080,16,32.2
STALKER 2,Intel Core i9-14900K,RTX 4090,24,Ultra,3840x2160,32,61.7
Far Cry 6,AMD Ryzen 7 5800X,RTX 2070,8,Ultra,1920x1080,16,90.5
STALKER 2,Intel Core i9-14900K,RTX 4060,8,Ultra,3840x2160,32,18.4
Elden Ring,AMD Ryzen 7 5800X,RTX 2070,8,Ultra,1920x1080,16,59.4
Dying Light 2,AMD Ryzen 7 5800X,RX 6900 XT,16,Ultra,3840x2160,16,71.1
Watch Dogs Legion,Intel Core i9-9900K,GTX 1060,6,Ultra,2560x1440,16,21.3
Call of Duty: Black Ops 6,Intel Core i9-14900K,RTX 4060 Ti,16,Ultra,1920x1080,32,101.0
God of War Ragnarok,Intel Core i9-14900K,RTX 4060 Ti,8,Ultra,2560x1440,32,62.9
Zenless Zone Zero,Intel Core i5-14400F,RTX 3060,12,Ultra,2560x1440,32,68.0
Counter-Strike 2,Intel Core i9-13900K,RX 6500 XT,4,Ultra,2560x1440,32,60.9
Call of Duty: Black Ops 6,Intel Core i9-14900K,RX 7600 XT,16,Ultra,2560x1440,32,62.0
Baldur's Gate 3,Intel Core i9-13900K,RX 6600,8,Ultra,1920x1080,32,77.4
Counter-Strike 2,Intel Core i9-13900K,RTX 3090 Ti,24,Ultra,2560x1440,32,321.5
Red Dead Redemption 2,Intel Core i9-9900K,RX 5700,8,Ultra,1920x1080,16,58.6
Star Wars Outlaws,Intel Core i9-14900K,Arc A750,8,Ultra,3840x2160,32,13.9
God of War Ragnarok,Intel Core i9-14900K,RX 7900 GRE,16,Ultra,1920x1080,32,102.2
Death Stranding,Intel Core i9-9900K,GTX 1660,6,Ultra,2560x1440,16,56.5
Watch Dogs Legion,Intel Core i9-9900K,RX Vega 56,8,Ultra,3840x2160,16,19.6
Star Wars Outlaws,Intel Core i9-14900K,RTX 4090,24,Ultra,2560x1440,32,112.8
Star Wars Outlaws,Intel Core i9-14900K,RTX 3050,8,Ultra,3840x2160,32,6.6
Cyberpunk 2077,Intel Core i9-13900K,RX 5700 XT,8,Ultra,2560x1440,32,29.5
Senua's Saga: Hellblade II,Intel Core i9-14900K,RTX 4080 Super,16,Ultra,2560x1440,32,75.8
Borderlands 3,Intel Core i9-9900K,RTX 2060,6,Ultra,2560x1440,16,42.5
God of War,AMD Ryzen 7 5800X,RTX 2060,6,Ultra,3840x2160,16,28.0
Cyberpunk 2077,Intel Core i9-13900K,RTX 4060,8,Ultra,2560x1440,32,38.6
Borderlands 3,Intel Core i9-9900K,RX 580,8,Ultra,2560x1440,16,27.4
Star Wars Outlaws,Intel Core i9-14900K,RTX 4060,8,Ultra,2560x1440,32,29.3
Cyberpunk 2077,Intel Core i9-9900K,RTX 3060 Ti,8,Ultra,1920x1080,16,78.3
Baldur's Gate 3,Intel Core i9-13900K,RTX 3050,8,Ultra,3840x2160,32,25.1
Elden Ring,AMD Ryzen 7 5800X,RTX 3060,12,Ultra,2560x1440,16,58.8
Far Cry 6,AMD Ryzen 7 5800X,RX 6700 XT,12,Ultra,3840x2160,16,51.6
Far Cry 6,AMD Ryzen 7 5800X,RTX 3070,8,Ultra,3840x2160,16,61.5
DOOM: The Dark Ages,AMD Ryzen 7 9800X3D,RTX 4070,12,Ultra,3840x2160,32,32.1
Elden Ring,AMD Ryzen 7 5800X,GTX 1070,8,Ultra,1920x1080,16,58.9
Star Wars Outlaws,Intel Core i9-14900K,RTX 4070 Ti Super,16,Ultra,1920x1080,32,109.1
Star Wars Outlaws,Intel Core i9-14900K,RTX 3060,12,Ultra,1920x1080,32,39.7
Call of Duty: Black Ops 6,Intel Core i9-14900K,Arc A750,8,Ultra,2560x1440,32,40.0
Elden Ring,AMD Ryzen 7 5800X,RX 6900 XT,16,Ultra,3840x2160,16,59.5
God of War,AMD Ryzen 7 5800X,RX 6800,16,Ultra,1920x1080,16,103.0
Call of Duty: Black Ops 6,Intel Core i9-14900K,RX 7800 XT,16,Ultra,2560x1440,32,110.0
Cyberpunk 2077,Intel Core i9-13900K,RTX 4080,16,Ultra,1920x1080,32,150.2
Cyberpunk 2077,Intel Core i9-13900K,RTX 4090,24,Ultra,1920x1080,32,166.7
Call of Duty: Black Ops 6,Intel Core i9-14900K,RX 6600,8,Ultra,1920x1080,32,65.0
STALKER 2,Intel Core i9-14900K,RTX 3060,12,Ultra,1920x1080,32,42.7
Senua's Saga: Hellblade II,Intel Core i9-14900K,RTX 3060 Ti,8,Ultra,1920x1080,32,48.5
God of War Ragnarok,Intel Core i9-14900K,RX 7600 XT,16,Ultra,2560x1440,32,43.5
STALKER 2,Intel Core i9-14900K,RX 6800,16,Ultra,1920x1080,32,56.6
Elden Ring,AMD Ryzen 7 5800X,RX 6600 XT,8,Ultra,2560x1440,16,58.9
Far Cry 6,AMD Ryzen 7 5800X,GTX 1080 Ti,11,Ultra,1920x1080,16,79.1
Star Wars Outlaws,Intel Core i9-14900K,RTX 4070 Ti Super,16,Ultra,3840x2160,32,35.9
Baldur's Gate 3,Intel Core i9-13900K,RX 6700 XT,12,Ultra,3840x2160,32,47.4
Dying Light 2,AMD Ryzen 7 5800X,GTX 1080 Ti,11,Ultra,2560x1440,16,55.5
Far Cry 6,AMD Ryzen 7 5800X,RX 5700 XT,8,Ultra,2560x1440,16,75.6
Senua's Saga: Hellblade II,Intel Core i9-14900K,RTX 3070,8,Ultra,1920x1080,32,55.6
God of War Ragnarok,Intel Core i9-14900K,RTX 2080 Ti,11,Ultra,1920x1080,32,85.9
Watch Dogs Legion,Intel Core i9-9900K,RTX 2060 Super,8,Ultra,3840x2160,16,24.5
Counter-Strike 2,Intel Core i9-13900K,RX 7600,8,Ultra,1920x1080,32,150.1
Senua's Saga: Hellblade II,Intel Core i9-14900K,RX 7900 XTX,24,Ultra,1920x1080,32,99.9
Cyberpunk 2077,Intel Core i9-9900K,RX 5700 XT,8,Ultra,1920x1080,16,61.1
Call of Duty: Black Ops 6,Intel Core i9-14900K,RTX 3090 Ti,24,Ultra,1920x1080,32,142.0
STALKER 2,Intel Core i9-14900K,RTX 3060 Ti,8,Ultra,3840x2160,32,13.2
Dying Light 2,AMD Ryzen 7 5800X,RX Vega 64,8,Ultra,3840x2160,16,29.7
Elden Ring,AMD Ryzen 7 5800X,RTX 3070 Ti,8,Ultra,3840x2160,16,58.2
Baldur's Gate 3,Intel Core i9-13900K,RTX 4090,24,Ultra,1920x1080,32,217.4
Red Dead Redemption 2,Intel Core i9-9900K,RX 5700 XT,8,Ultra,2560x1440,16,33.7
Watch Dogs Legion,Intel Core i9-9900K,GTX 1060,3,Ultra,1920x1080,16,22.3
Senua's Saga: Hellblade II,Intel Core i9-14900K,Arc A750,8,Ultra,3840x2160,32,12.1
Counter-Strike 2,Intel Core i9-13900K,GTX 1060,6,Ultra,2560x1440,32,70.0
Watch Dogs Legion,Intel Core i9-9900K,RTX 2070 Super,8,Ultra,2560x1440,16,47.0
Watch Dogs Legion,Intel Core i9-9900K,RX 570,4,Ultra,2560x1440,16,8.8
Far Cry 6,AMD Ryzen 7 5800X,RX 5700 XT,8,Ultra,1920x1080,16,104.2
Counter-Strike 2,Intel Core i9-13900K,RTX 2070,8,Ultra,2560x1440,32,136.5
DOOM: The Dark Ages,AMD Ryzen 7 9800X3D,RX 7600 XT,16,Ultra,1920x1080,32,44.6
Grand Theft Auto V,Intel Core i7-4770K,GTX 980,4,Ultra,1920x1080,16,111.0
God of War Ragnarok,Intel Core i9-14900K,Arc A750,8,Ultra,1920x1080,32,31.2
DOOM: The Dark Ages,AMD Ryzen 7 9800X3D,RTX 3070,8,Ultra,3840x2160,32,15.2
Dying Light 2,AMD Ryzen 7 5800X,RX 6500 XT,4,Ultra,1920x1080,16,47.0
Call of Duty Modern Warfare,Intel Core i9-9900K,RX 590,8,Ultra,1920x1080,16,81.4
Watch Dogs Legion,Intel Core i9-9900K,GTX 1650 Super,4,Ultra,3840x2160,16,8.4
Death Stranding,Intel Core i9-9900K,RX 590,8,Ultra,1920x1080,16,72.3
Red Dead Redemption 2,Intel Core i9-9900K,GTX 1660,6,Ultra,1920x1080,16,39.4
Senua's Saga: Hellblade II,Intel Core i9-14900K,RTX 3070 Ti,8,Ultra,3840x2160,32,17.4
Cyberpunk 2077,Intel Core i9-13900K,RTX 4070 Ti,12,Ultra,1920x1080,32,126.3
Borderlands 3,Intel Core i9-9900K,RX Vega 64,8,Ultra,2560x1440,16,42.7
Zenless Zone Zero,Intel Core i5-13600K,RX 7800 XT,16,Ultra,2560x1440,32,187.0
STALKER 2,Intel Core i9-14900K,RTX 3090,24,Ultra,1920x1080,32,81.7
Borderlands 3,Intel Core i9-9900K,GTX 1660,6,Ultra,1920x1080,16,47.0
God of War Ragnarok,Intel Core i9-14900K,RTX 4090,24,Ultra,1920x1080,32,168.7
Dying Light 2,AMD Ryzen 7 5800X,RTX 2080,8,Ultra,1920x1080,16,90.6
Watch Dogs Legion,Intel Core i9-9900K,GTX 1660,6,Ultra,2560x1440,16,22.8
Cyberpunk 2077,Intel Core i9-9900K,RTX 2060,6,Ultra,2560x1440,16,33.1
Baldur's Gate 3,Intel Core i9-13900K,RTX 4080,16,Ultra,2560x1440,32,186.0
Death Stranding,Intel Core i9-9900K,RTX 2080 Ti,11,Ultra,1920x1080,16,157.6
Star Wars Outlaws,Intel Core i9-14900K,RX 6600,8,Ultra,3840x2160,32,9.6
Far Cry 6,AMD Ryzen 7 5800X,GTX 1080,8,Ultra,3840x2160,16,30.9
Call of Duty: Black Ops 6,Intel Core i9-14900K,Arc A770,16,Ultra,3840x2160,32,26.0
Far Cry 6,AMD Ryzen 7 5800X,RX 6800,16,Ultra,1920x1080,16,117.5
God of War Ragnarok,Intel Core i9-14900K,RX 6700 XT,12,Ultra,3840x2160,32,32.5
Battlefield V,Intel Core i7-8700K,GTX 1060,3,Ultra,2560x1440,16,16.1
God of War,AMD Ryzen 7 5800X,RX 6700 XT,12,Ultra,3840x2160,16,43.1
STALKER 2,Intel Core i9-14900K,RX 7900 XTX,24,Ultra,2560x1440,32,75.0
STALKER 2,Intel Core i9-14900K,RTX 3080,10,Ultra,1920x1080,32,73.1
Cyberpunk 2077,Intel Core i9-9900K,RTX 3070,8,Ultra,1920x1080,16,87.8
Death Stranding,Intel Core i9-9900K,RX 570,4,Ultra,3840x2160,16,21.9
Call of Duty Modern Warfare,Intel Core i9-9900K,Radeon VII,16,Ultra,2560x1440,16,93.2
Counter-Strike 2,Intel Core i9-13900K,RTX 4090,24,Ultra,3840x2160,32,237.8
Star Wars Outlaws,Intel Core i9-14900K,Arc A750,8,Ultra,2560x1440,32,25.5
God of War,AMD Ryzen 7 5800X,GTX 1080 Ti,11,Ultra,1920x1080,16,74.0
Cyberpunk 2077,Intel Core i9-13900K,RX 7800 XT,16,Ultra,1920x1080,32,105.2
Baldur's Gate 3,Intel Core i9-13900K,RTX 2080 Ti,11,Ultra,3840x2160,32,54.7
Far Cry 6,AMD Ryzen 7 5800X,RTX 3060,12,Ultra,1920x1080,16,99.4
Baldur's Gate 3,Intel Core i9-13900K,RX 7600,8,Ultra,1920x1080,32,97.4
Star Wars Outlaws,Intel Core i9-14900K,RTX 3060 Ti,8,Ultra,1920x1080,32,52.6
Death Stranding,Intel Core i9-9900K,GTX 1650 Super,4,Ultra,3840x2160,16,27.2
STALKER 2,Intel Core i9-14900K,RTX 4070 Ti,12,Ultra,2560x1440,32,69.9
Red Dead Redemption 2,Intel Core i9-9900K,RX 590,8,Ultra,1920x1080,16,38.1
God of War Ragnarok,Intel Core i9-14900K,RTX 4060 Ti,16,Ultra,3840x2160,32,38.7
Red Dead Redemption 2,Intel Core i9-9900K,GTX 1060,6,Ultra,2560x1440,16,20.6
Call of Duty WWII,Intel Core i7-7700K,GTX 1060,6,Ultra,2560x1440,16,49.8
Cyberpunk 2077,Intel Core i9-9900K,RTX 3090,24,Ultra,1920x1080,16,120.7
DOOM: The Dark Ages,AMD Ryzen 7 9800X3D,RTX 3050,8,Ultra,2560x1440,32,20.8
STALKER 2,Intel Core i9-14900K,RX 6600,8,Ultra,1920x1080,32,34.1
STALKER 2,Intel Core i9-14900K,RTX 4060 Ti,16,Ultra,3840x2160,32,22.9
God of War Ragnarok,Intel Core i9-14900K,RX 7900 XT,20,Ultra,2560x1440,32,100.6
Senua's Saga: Hellblade II,Intel Core i9-14900K,RX 7900 XT,20,Ultra,3840x2160,32,36.7
Call of Duty WWII,Intel Core i7-7700K,GTX 1060,3,Ultra,1920x1080,16,61.6
God of War,AMD Ryzen 7 5800X,RTX 3070 Ti,8,Ultra,3840x2160,16,55.9
Battlefield V,Intel Core i7-8700K,RX 570,4,Ultra,2560x1440,16,48.7
DOOM: The Dark Ages,AMD Ryzen 7 9800X3D,RTX 5070 Ti,16,Ultra,3840x2160,32,49.3
Cyberpunk 2077,Intel Core i9-9900K,RTX 3060 Ti,8,Ultra,2560x1440,16,49.1
Senua's Saga: Hellblade II,Intel Core i9-14900K,RTX 3050,8,Ultra,3840x2160,32,7.3
Counter-Strike 2,Intel Core i9-13900K,GTX 1660 Super,6,Ultra,2560x1440,32,95.4
Counter-Strike 2,Intel Core i9-13900K,RTX 4060 Ti,8,Ultra,1920x1080,32,258.6
Call of Duty: Black Ops 6,Intel Core i9-14900K,RX 6600,8,Ultra,3840x2160,32,21.0
Senua's Saga: Hellblade II,Intel Core i9-14900K,RTX 4070,12,Ultra,1920x1080,32,70.0
DOOM: The Dark Ages,AMD Ryzen 7 9800X3D,RTX 3080,10,Ultra,1920x1080,32,87.2
God of War,AMD Ryzen 7 5800X,RTX 3070 Ti,8,Ultra,1920x1080,16,102.1
Death Stranding,Intel Core i9-9900K,RX 580,8,Ultra,3840x2160,16,25.8
God of War Ragnarok,Intel Core i9-14900K,RX 7900 XTX,24,Ultra,3840x2160,32,79.0
Watch Dogs Legion,Intel Core i9-9900K,GTX 1080,8,Ultra,1920x1080,16,48.0
Cyberpunk 2077,Intel Core i9-13900K,RTX 4070,12,Ultra,2560x1440,32,66.4
DOOM Eternal,Intel Core i9-9900K,RTX 2070,8,Ultra,2560x1440,16,119.9
God of War Ragnarok,Intel Core i9-14900K,RTX 3050,8,Ultra,2560x1440,32,30.3
Red Dead Redemption 2,Intel Core i9-9900K,RTX 2080 Super,8,Ultra,1920x1080,16,76.4
STALKER 2,Intel Core i9-14900K,RX 7900 XT,20,Ultra,1920x1080,32,86.5
God of War Ragnarok,Intel Core i9-14900K,Arc A750,8,Ultra,2560x1440,32,23.6
DOOM Eternal,Intel Core i9-9900K,GTX 1660 Super,6,Ultra,2560x1440,16,81.5
Call of Duty Modern Warfare,Intel Core i9-9900K,GTX 1060,3,Ultra,2560x1440,16,32.9
Dying Light 2,AMD Ryzen 7 5800X,RX Vega 64,8,Ultra,2560x1440,16,53.6
Battlefield V,Intel Core i7-8700K,GTX 1070,8,Ultra,1920x1080,16,96.0
Star Wars Outlaws,Intel Core i9-14900K,RTX 4070 Super,12,Ultra,1920x1080,32,95.0
Counter-Strike 2,Intel Core i9-13900K,RX 7800 XT,16,Ultra,2560x1440,32,199.5
Borderlands 3,Intel Core i9-9900K,RTX 2080 Super,8,Ultra,1920x1080,16,95.1
God of War Ragnarok,Intel Core i9-14900K,RX 6600 XT,8,Ultra,2560x1440,32,40.3
God of War Ragnarok,Intel Core i9-14900K,Arc A770,16,Ultra,3840x2160,32,20.2
Counter-Strike 2,Intel Core i9-13900K,Arc A750,8,Ultra,3840x2160,32,41.5
Borderlands 3,Intel Core i9-9900K,GTX 1660,6,Ultra,2560x1440,16,29.8
DOOM Eternal,Intel Core i9-9900K,RX 5700,8,Ultra,1920x1080,16,157.8
Call of Duty WWII,Intel Core i7-7700K,GTX 980 Ti,6,Ultra,1920x1080,16,86.7
Baldur's Gate 3,Intel Core i9-13900K,RTX 3060,12,Ultra,2560x1440,32,60.8
Counter-Strike 2,Intel Core i9-13900K,RX 6900 XT,16,Ultra,1920x1080,32,372.4
Far Cry 6,AMD Ryzen 7 5800X,RX Vega 64,8,Ultra,2560x1440,16,59.1
STALKER 2,Intel Core i9-14900K,RTX 3090 Ti,24,Ultra,3840x2160,32,44.1
Star Wars Outlaws,Intel Core i9-14900K,RTX 4070,12,Ultra,1920x1080,32,81.4
Call of Duty Modern Warfare,Intel Core i9-9900K,GTX 1080,8,Ultra,2560x1440,16,69.7
Senua's Saga: Hellblade II,Intel Core i9-14900K,RX 6800 XT,16,Ultra,3840x2160,32,27.0
DOOM: The Dark Ages,AMD Ryzen 7 9800X3D,RX 6800 XT,16,Ultra,2560x1440,32,50.0
Counter-Strike 2,Intel Core i9-13900K,RTX 4060 Ti,8,Ultra,2560x1440,32,171.1
Call of Duty Modern Warfare,Intel Core i9-9900K,RTX 2070 Super,8,Ultra,2560x1440,16,101.5
God of War,AMD Ryzen 7 5800X,RX 5500 XT,4,Ultra,3840x2160,16,8.1
Counter-Strike 2,Intel Core i9-13900K,RTX 3080,10,Ultra,3840x2160,32,134.5
Call of Duty: Black Ops 6,Intel Core i9-14900K,RTX 4070,12,Ultra,3840x2160,32,46.0
Call of Duty Modern Warfare,Intel Core i9-9900K,RX 580,8,Ultra,1920x1080,16,72.2
Death Stranding,Intel Core i9-9900K,RX 5700 XT,8,Ultra,3840x2160,16,56.1
STALKER 2,Intel Core i9-14900K,RTX 4080 Super,16,Ultra,1920x1080,32,111.5
Dying Light 2,AMD Ryzen 7 5800X,RTX 3080,10,Ultra,3840x2160,16,59.3
Red Dead Redemption 2,Intel Core i9-9900K,RTX 2080,8,Ultra,2560x1440,16,37.3
Death Stranding,Intel Core i9-9900K,RX 5500 XT,4,Ultra,3840x2160,16,26.1
Watch Dogs Legion,Intel Core i9-9900K,RX 5600 XT,6,Ultra,1920x1080,16,47.3
Watch Dogs Legion,Intel Core i9-9900K,RTX 2060,6,Ultra,2560x1440,16,34.8
Baldur's Gate 3,Intel Core i9-13900K,RTX 4060,8,Ultra,3840x2160,32,38.5
God of War Ragnarok,Intel Core i9-14900K,RX 7900 GRE,16,Ultra,3840x2160,32,56.0
Call of Duty Modern Warfare,Intel Core i9-9900K,GTX 1070 Ti,8,Ultra,2560x1440,16,67.2
Counter-Strike 2,Intel Core i9-13900K,RX 6800 XT,16,Ultra,2560x1440,32,253.2
Baldur's Gate 3,Intel Core i9-13900K,RTX 3070 Ti,8,Ultra,3840x2160,32,59.2
Zenless Zone Zero,Intel Core i5-13600K,RX 7800 XT,16,Ultra,3840x2160,32,117.0
Senua's Saga: Hellblade II,Intel Core i9-14900K,RTX 3090,24,Ultra,3840x2160,32,32.4
God of War Ragnarok,Intel Core i9-14900K,RTX 3060 Ti,8,Ultra,1920x1080,32,72.6
Death Stranding,Intel Core i9-9900K,RX 570,4,Ultra,2560x1440,16,43.3
Counter-Strike 2,Intel Core i9-13900K,RTX 4080,16,Ultra,1920x1080,32,504.2
Watch Dogs Legion,Intel Core i9-9900K,GTX 1080 Ti,11,Ultra,3840x2160,16,26.5
DOOM Eternal,Intel Core i9-9900K,GTX 1650 Super,4,Ultra,1920x1080,16,90.2
Death Stranding,Intel Core i9-9900K,GTX 1070,8,Ultra,1920x1080,16,75.8
Baldur's Gate 3,Intel Core i9-13900K,RTX 3090,24,Ultra,3840x2160,32,82.1
Senua's Saga: Hellblade II,Intel Core i9-14900K,RTX 3090,24,Ultra,2560x1440,32,55.9
Dying Light 2,AMD Ryzen 7 5800X,RX 5700 XT,8,Ultra,2560x1440,16,64.6
Watch Dogs Legion,Intel Core i9-9900K,RX 580,8,Ultra,2560x1440,16,21.9
Star Wars Outlaws,Intel Core i9-14900K,RTX 2080 Ti,11,Ultra,2560x1440,32,28.9
DOOM: The Dark Ages,AMD Ryzen 7 9800X3D,RX 7900 XTX,24,Ultra,2560x1440,32,85.7
Cyberpunk 2077,Intel Core i9-13900K,RX 7600,8,Ultra,3840x2160,32,19.3
STALKER 2,Intel Core i9-14900K,RTX 3060 Ti,8,Ultra,1920x1080,32,54.6
Baldur's Gate 3,Intel Core i9-13900K,RX 7900 XTX,24,Ultra,1920x1080,32,198.1
God of War,AMD Ryzen 7 5800X,RX 6600 XT,8,Ultra,1920x1080,16,67.5
Call of Duty: Black Ops 6,Intel Core i9-14900K,RX 7600 XT,16,Ultra,1920x1080,32,97.0
Borderlands 3,Intel Core i9-9900K,RTX 2080 Ti,11,Ultra,1920x1080,16,113.0
Far Cry 6,AMD Ryzen 7 5800X,RTX 3060 Ti,8,Ultra,1920x1080,16,118.6
Battlefield V,Intel Core i7-8700K,RX Vega 64,8,Ultra,1920x1080,16,118.0
God of War Ragnarok,Intel Core i9-14900K,RX 5700 XT,8,Ultra,3840x2160,32,21.2
DOOM: The Dark Ages,AMD Ryzen 7 9800X3D,RTX 5090,32,Ultra,3840x2160,32,85.9
DOOM: The Dark Ages,AMD Ryzen 7 9800X3D,RX 7900 XTX,24,Ultra,1920x1080,32,122.0
Watch Dogs 2,Intel Core i7-6700K,GTX 1080,8,Ultra,1920x1080,16,83.3
Star Wars Outlaws,Intel Core i9-14900K,RTX 4070,12,Ultra,3840x2160,32,23.0
Death Stranding,Intel Core i9-9900K,RTX 2080,8,Ultra,3840x2160,16,61.5
Death Stranding,Intel Core i9-9900K,RTX 2080 Ti,11,Ultra,2560x1440,16,124.0
Senua's Saga: Hellblade II,Intel Core i9-14900K,RX 7900 XTX,24,Ultra,2560x1440,32,74.1
Star Wars Outlaws,Intel Core i9-14900K,Arc A770,16,Ultra,3840x2160,32,14.4
Far Cry 6,AMD Ryzen 7 5800X,RX 5600 XT,6,Ultra,1920x1080,16,83.2
Cyberpunk 2077,Intel Core i9-9900K,RX 5500 XT,4,Ultra,1920x1080,16,26.8
Dying Light 2,AMD Ryzen 7 5800X,RTX 3090,24,Ultra,2560x1440,16,126.1
Battlefield V,Intel Core i7-8700K,GTX 1080 Ti,11,Ultra,2560x1440,16,109.8
DOOM Eternal,Intel Core i9-9900K,RX 570,4,Ultra,1920x1080,16,75.5
Star Wars Outlaws,Intel Core i9-14900K,RTX 4080 Super,16,Ultra,3840x2160,32,45.2
Call of Duty Modern Warfare,Intel Core i9-9900K,GTX 1660,6,Ultra,1920x1080,16,86.5
DOOM Eternal,Intel Core i9-9900K,RX 590,8,Ultra,2560x1440,16,74.0
Counter-Strike 2,Intel Core i9-13900K,RTX 3060 Ti,8,Ultra,1920x1080,32,262.9
Death Stranding,Intel Core i9-9900K,RX 590,8,Ultra,2560x1440,16,53.7
Counter-Strike 2,Intel Core i9-13900K,RX Vega 64,8,Ultra,3840x2160,32,36.6
Watch Dogs Legion,Intel Core i9-9900K,RX Vega 56,8,Ultra,1920x1080,16,48.1
Counter-Strike 2,Intel Core i9-13900K,RX 7900 XT,20,Ultra,3840x2160,32,133.1
Star Wars Outlaws,Intel Core i9-14900K,RX 6900 XT,16,Ultra,2560x1440,32,48.7
STALKER 2,Intel Core i9-14900K,RTX 4060,8,Ultra,2560x1440,32,34.7
DOOM Eternal,Intel Core i9-9900K,GTX 1660 Ti,6,Ultra,2560x1440,16,85.5
Counter-Strike 2,Intel Core i9-13900K,RX 7800 XT,16,Ultra,1920x1080,32,287.0
Death Stranding,Intel Core i9-9900K,RX 5600 XT,6,Ultra,2560x1440,16,78.6
Senua's Saga: Hellblade II,Intel Core i9-14900K,RTX 3070,8,Ultra,3840x2160,32,14.2
Senua's Saga: Hellblade II,Intel Core i9-14900K,RX 6700 XT,12,Ultra,3840x2160,32,18.5
Baldur's Gate 3,Intel Core i9-13900K,RX 6800,16,Ultra,2560x1440,32,106.2
God of War Ragnarok,Intel Core i9-14900K,RTX 4070,12,Ultra,3840x2160,32,51.5
Baldur's Gate 3,Intel Core i9-13900K,RTX 4060,8,Ultra,1920x1080,32,96.2
Baldur's Gate 3,Intel Core i9-13900K,RTX 4070 Ti,12,Ultra,3840x2160,32,85.6
Far Cry 6,AMD Ryzen 7 5800X,GTX 1060,6,Ultra,2560x1440,16,34.9
Far Cry 6,AMD Ryzen 7 5800X,RX 5500 XT,4,Ultra,1920x1080,16,60.5
Counter-Strike 2,Intel Core i9-13900K,RX 6800,16,Ultra,1920x1080,32,279.7
Baldur's Gate 3,Intel Core i9-13900K,RX 7900 XT,20,Ultra,3840x2160,32,94.6
Cyberpunk 2077,Intel Core i9-9900K,GTX 1070,8,Ultra,1920x1080,16,36.9
Counter-Strike 2,Intel Core i9-13900K,RTX 4080,16,Ultra,2560x1440,32,362.4
DOOM: The Dark Ages,AMD Ryzen 7 9800X3D,RTX 3070,8,Ultra,1920x1080,32,68.4
Counter-Strike 2,Intel Core i9-13900K,RTX 3070 Ti,8,Ultra,3840x2160,32,115.6
DOOM: The Dark Ages,AMD Ryzen 7 9800X3D,RTX 5070,12,Ultra,2560x1440,32,68.3
DOOM: The Dark Ages,AMD Ryzen 7 9800X3D,RX 6900 XT,16,Ultra,3840x2160,32,27.6
Counter-Strike 2,Intel Core i9-13900K,RX 7600,8,Ultra,2560x1440,32,101.4
DOOM: The Dark Ages,AMD Ryzen 7 9800X3D,RTX 4060 Ti,8,Ultra,3840x2160,32,18.6
Call of Duty WWII,Intel Core i7-7700K,GTX 1070 Ti,8,Ultra,1920x1080,16,108.2
Star Wars Outlaws,Intel Core i9-14900K,RTX 4080,16,Ultra,3840x2160,32,44.5
Red Dead Redemption 2,Intel Core i9-9900K,RTX 2060 Super,8,Ultra,1920x1080,16,58.8
Counter-Strike 2,Intel Core i9-13900K,RTX 3070 Ti,8,Ultra,2560x1440,32,222.2
God of War Ragnarok,Intel Core i9-14900K,RX 7900 XT,20,Ultra,3840x2160,32,67.9
Star Wars Outlaws,Intel Core i9-14900K,RX 7900 XT,20,Ultra,3840x2160,32,33.5
Baldur's Gate 3,Intel Core i9-13900K,RTX 4070,12,Ultra,1920x1080,32,163.3
Senua's Saga: Hellblade II,Intel Core i9-14900K,RTX 3070,8,Ultra,2560x1440,32,38.5
STALKER 2,Intel Core i9-14900K,RX 7700 XT,12,Ultra,2560x1440,32,45.4
Call of Duty WWII,Intel Core i7-7700K,GTX 1060,3,Ultra,2560x1440,16,46.2
God of War Ragnarok,Intel Core i9-14900K,RX 6600 XT,8,Ultra,3840x2160,32,19.8
God of War Ragnarok,Intel Core i9-14900K,RTX 4080,16,Ultra,2560x1440,32,128.1
Call of Duty WWII,Intel Core i7-7700K,RX 470,4,Ultra,2560x1440,16,38.7
Call of Duty WWII,Intel Core i7-7700K,RX 570,4,Ultra,2560x1440,16,38.9
DOOM Eternal,Intel Core i9-9900K,RX 5500 XT,4,Ultra,2560x1440,16,51.5
Watch Dogs 2,Intel Core i7-6700K,GTX 1070,8,Ultra,1920x1080,16,68.3
STALKER 2,Intel Core i9-14900K,RX 7600 XT,16,Ultra,2560x1440,32,32.4
Far Cry 6,AMD Ryzen 7 5800X,GTX 1080,8,Ultra,1920x1080,16,69.2
Call of Duty: Black Ops 6,Intel Core i9-14900K,Arc A750,8,Ultra,1920x1080,32,55.0
Senua's Saga: Hellblade II,Intel Core i9-14900K,RTX 4060,8,Ultra,2560x1440,32,28.7
Call of Duty: Black Ops 6,Intel Core i9-14900K,RX 6800 XT,16,Ultra,3840x2160,32,55.0
God of War Ragnarok,Intel Core i9-14900K,RTX 3090 Ti,24,Ultra,3840x2160,32,69.9
DOOM Eternal,Intel Core i9-9900K,RX 5500 XT,4,Ultra,3840x2160,16,19.7
God of War,AMD Ryzen 7 5800X,GTX 1080 Ti,11,Ultra,3840x2160,16,36.0
Borderlands 3,Intel Core i9-9900K,GTX 1060,6,Ultra,2560x1440,16,26.5
Battlefield V,Intel Core i7-8700K,GTX 1060,6,Ultra,1920x1080,16,73.4
DOOM Eternal,Intel Core i9-9900K,RX Vega 56,8,Ultra,2560x1440,16,92.1
Baldur's Gate 3,Intel Core i9-13900K,RTX 4080,16,Ultra,3840x2160,32,112.4
Dying Light 2,AMD Ryzen 7 5800X,RTX 2060,6,Ultra,2560x1440,16,43.8
Death Stranding,Intel Core i9-9900K,RX Vega 56,8,Ultra,1920x1080,16,91.9
Call of Duty: Black Ops 6,Intel Core i9-14900K,RTX 3070,8,Ultra,2560x1440,32,62.0
Baldur's Gate 3,Intel Core i9-13900K,RTX 3060 Ti,8,Ultra,3840x2160,32,46.6
Death Stranding,Intel Core i9-9900K,GTX 1660 Ti,6,Ultra,3840x2160,16,35.6
DOOM Eternal,Intel Core i9-9900K,RX 580,8,Ultra,3840x2160,16,36.6
Elden Ring,AMD Ryzen 7 5800X,RTX 3050,8,Ultra,2560x1440,16,45.1
Red Dead Redemption 2,Intel Core i9-9900K,GTX 1660 Ti,6,Ultra,2560x1440,16,35.3
DOOM: The Dark Ages,AMD Ryzen 7 9800X3D,RTX 5070,12,Ultra,1920x1080,32,97.7
Cyberpunk 2077,Intel Core i9-13900K,RX 7700 XT,12,Ultra,3840x2160,32,30.7
Senua's Saga: Hellblade II,Intel Core i9-14900K,RTX 4070,12,Ultra,2560x1440,32,49.4
Counter-Strike 2,Intel Core i9-13900K,RX 5700 XT,8,Ultra,3840x2160,32,68.0
STALKER 2,Intel Core i9-14900K,RX 6900 XT,16,Ultra,2560x1440,32,51.0
Far Cry 6,AMD Ryzen 7 5800X,GTX 1660 Ti,6,Ultra,1920x1080,16,70.7
Dying Light 2,AMD Ryzen 7 5800X,RTX 2080,8,Ultra,2560x1440,16,62.8
DOOM: The Dark Ages,AMD Ryzen 7 9800X3D,RX 9070 XT,16,Ultra,3840x2160,32,49.4
Death Stranding,Intel Core i9-9900K,GTX 1080,8,Ultra,1920x1080,16,91.9
God of War,AMD Ryzen 7 5800X,RX Vega 64,8,Ultra,1920x1080,16,58.2
DOOM Eternal,Intel Core i9-9900K,GTX 1660,6,Ultra,2560x1440,16,75.0
Senua's Saga: Hellblade II,Intel Core i9-14900K,RX 5700 XT,8,Ultra,2560x1440,32,23.4
Dying Light 2,AMD Ryzen 7 5800X,RX 5600 XT,6,Ultra,3840x2160,16,25.5
Watch Dogs Legion,Intel Core i9-9900K,RTX 3070,8,Ultra,2560x1440,16,61.6
DOOM: The Dark Ages,AMD Ryzen 7 9800X3D,RTX 5080,16,Ultra,3840x2160,32,55.7
Call of Duty: Black Ops 6,Intel Core i9-14900K,RTX 3060 Ti,8,Ultra,1920x1080,32,83.0
Counter-Strike 2,Intel Core i9-13900K,RTX 3070 Ti,8,Ultra,1920x1080,32,327.6
Elden Ring,AMD Ryzen 7 5800X,GTX 1660 Ti,6,Ultra,2560x1440,16,45.7
Death Stranding,Intel Core i9-9900K,RTX 2070,8,Ultra,3840x2160,16,49.8
Counter-Strike 2,Intel Core i9-13900K,RTX 2060,6,Ultra,1920x1080,32,173.2
God of War,AMD Ryzen 7 5800X,RTX 2070,8,Ultra,3840x2160,16,33.9
Baldur's Gate 3,Intel Core i9-13900K,RTX 3050,8,Ultra,1920x1080,32,59.5
God of War Ragnarok,Intel Core i9-14900K,RX 7800 XT,16,Ultra,1920x1080,32,86.1
Call of Duty Modern Warfare,Intel Core i9-9900K,RX Vega 56,8,Ultra,1920x1080,16,99.0
Baldur's Gate 3,Intel Core i9-13900K,RX 6600,8,Ultra,3840x2160,32,28.9
Red Dead Redemption 2,Intel Core i9-9900K,GTX 1070,8,Ultra,2560x1440,16,29.0
Baldur's Gate 3,Intel Core i9-13900K,RTX 4070 Ti,12,Ultra,1920x1080,32,197.2
Call of Duty Modern Warfare,Intel Core i9-9900K,RX Vega 64,8,Ultra,2560x1440,16,79.7
Dying Light 2,AMD Ryzen 7 5800X,RX 6500 XT,4,Ultra,2560x1440,16,29.5
Death Stranding,Intel Core i9-9900K,GTX 1660,6,Ultra,3840x2160,16,31.0
Elden Ring,AMD Ryzen 7 5800X,RX 6600,8,Ultra,2560x1440,16,58.3
Far Cry 6,AMD Ryzen 7 5800X,RTX 3080 Ti,12,Ultra,2560x1440,16,118.1
Star Wars Outlaws,Intel Core i9-14900K,RTX 3090,24,Ultra,1920x1080,32,90.4
Watch Dogs Legion,Intel Core i9-9900K,RTX 2060 Super,8,Ultra,1920x1080,16,54.9
Borderlands 3,Intel Core i9-9900K,RX 5700,8,Ultra,2560x1440,16,45.8
Watch Dogs Legion,Intel Core i9-9900K,RX 570,4,Ultra,3840x2160,16,3.8
Dying Light 2,AMD Ryzen 7 5800X,RTX 3050,8,Ultra,1920x1080,16,58.6
Far Cry 6,AMD Ryzen 7 5800X,GTX 1070,8,Ultra,2560x1440,16,45.3
Cyberpunk 2077,Intel Core i9-13900K,RTX 3050,8,Ultra,2560x1440,32,25.4
Red Dead Redemption 2,Intel Core i9-9900K,RTX 2060 Super,8,Ultra,2560x1440,16,29.8
STALKER 2,Intel Core i9-14900K,RTX 3050,8,Ultra,1920x1080,32,30.4
Senua's Saga: Hellblade II,Intel Core i9-14900K,RX 7700 XT,12,Ultra,1920x1080,32,62.2
Elden Ring,AMD Ryzen 7 5800X,GTX 1070,8,Ultra,3840x2160,16,27.9
Death Stranding,Intel Core i9-9900K,RX 5600 XT,6,Ultra,1920x1080,16,105.9
God of War,AMD Ryzen 7 5800X,RX 6600,8,Ultra,3840x2160,16,26.4
Counter-Strike 2,Intel Core i9-13900K,RTX 4060 Ti,16,Ultra,1920x1080,32,255.4
Cyberpunk 2077,Intel Core i9-9900K,RTX 3070,8,Ultra,3840x2160,16,29.1
DOOM: The Dark Ages,AMD Ryzen 7 9800X3D,RTX 4070 Ti Super,16,Ultra,1920x1080,32,119.4
Counter-Strike 2,Intel Core i9-13900K,RTX 4070 Ti,12,Ultra,3840x2160,32,139.9
DOOM: The Dark Ages,AMD Ryzen 7 9800X3D,RX 7900 XTX,24,Ultra,3840x2160,32,46.2
Dying Light 2,AMD Ryzen 7 5800X,GTX 1060,6,Ultra,3840x2160,16,11.0
Call of Duty: Black Ops 6,Intel Core i9-14900K,RX 6700 XT,12,Ultra,3840x2160,32,37.0
Star Wars Outlaws,Intel Core i9-14900K,RTX 3070 Ti,8,Ultra,2560x1440,32,42.9
STALKER 2,Intel Core i9-14900K,RX 5700 XT,8,Ultra,2560x1440,32,27.6
God of War,AMD Ryzen 7 5800X,RTX 2080,8,Ultra,3840x2160,16,41.7
Dying Light 2,AMD Ryzen 7 5800X,GTX 1070,8,Ultra,3840x2160,16,15.8
God of War Ragnarok,Intel Core i9-14900K,RTX 4070 Ti Super,16,Ultra,2560x1440,32,110.2
Death Stranding,Intel Core i9-9900K,RTX 2060 Super,8,Ultra,3840x2160,16,47.9
Elden Ring,AMD Ryzen 7 5800X,RX 5700 XT,8,Ultra,2560x1440,16,51.8
DOOM: The Dark Ages,AMD Ryzen 7 9800X3D,RX 9070 XT,16,Ultra,2560x1440,32,91.8
DOOM Eternal,Intel Core i9-9900K,GTX 1070,8,Ultra,1920x1080,16,109.0
Call of Duty: Black Ops 6,Intel Core i9-14900K,RTX 3070,8,Ultra,3840x2160,32,32.0
Call of Duty: Black Ops 6,Intel Core i9-14900K,RX 7900 XT,20,Ultra,2560x1440,32,134.0
God of War Ragnarok,Intel Core i9-14900K,RTX 3080,10,Ultra,2560x1440,32,85.5
Battlefield V,Intel Core i7-8700K,RX Vega 64,8,Ultra,2560x1440,16,89.5
STALKER 2,Intel Core i9-14900K,RTX 3070,8,Ultra,1920x1080,32,61.4
STALKER 2,Intel Core i9-14900K,RX 7800 XT,16,Ultra,1920x1080,32,69.8
Borderlands 3,Intel Core i9-9900K,Radeon VII,16,Ultra,1920x1080,16,75.3
DOOM Eternal,Intel Core i9-9900K,RTX 2080 Ti,11,Ultra,3840x2160,16,105.8
Star Wars Outlaws,Intel Core i9-14900K,RX 6600 XT,8,Ultra,2560x1440,32,23.2
God of War,AMD Ryzen 7 5800X,RTX 3060 Ti,8,Ultra,1920x1080,16,87.1
Counter-Strike 2,Intel Core i9-13900K,RX 580,8,Ultra,3840x2160,32,26.6
DOOM Eternal,Intel Core i9-9900K,GTX 1080 Ti,11,Ultra,3840x2160,16,65.2
Cyberpunk 2077,Intel Core i9-9900K,RTX 2080,8,Ultra,1920x1080,16,75.3
DOOM: The Dark Ages,AMD Ryzen 7 9800X3D,RX 6800 XT,16,Ultra,3840x2160,32,25.7
Red Dead Redemption 2,Intel Core i9-9900K,RX 5700 XT,8,Ultra,1920x1080,16,66.9
Borderlands 3,Intel Core i9-9900K,RX 570,4,Ultra,2560x1440,16,23.2
Watch Dogs Legion,Intel Core i9-9900K,GTX 1070,8,Ultra,3840x2160,16,16.5
Death Stranding,Intel Core i9-9900K,GTX 1660 Ti,6,Ultra,1920x1080,16,90.3
God of War Ragnarok,Intel Core i9-14900K,RX 7700 XT,12,Ultra,2560x1440,32,63.6
STALKER 2,Intel Core i9-14900K,RTX 3070,8,Ultra,2560x1440,32,45.9
STALKER 2,Intel Core i9-14900K,RTX 4070 Ti Super,16,Ultra,2560x1440,32,74.0
God of War,AMD Ryzen 7 5800X,GTX 1070,8,Ultra,2560x1440,16,35.9
Cyberpunk 2077,Intel Core i9-13900K,RTX 4070 Ti,12,Ultra,2560x1440,32,83.8
DOOM Eternal,Intel Core i9-9900K,RX 5700,8,Ultra,2560x1440,16,116.3
STALKER 2,Intel Core i9-14900K,Arc A770,16,Ultra,2560x1440,32,30.1
Counter-Strike 2,Intel Core i9-13900K,RX 7900 XT,20,Ultra,1920x1080,32,389.0
DOOM: The Dark Ages,AMD Ryzen 7 9800X3D,RTX 3090 Ti,24,Ultra,2560x1440,32,75.7
Counter-Strike 2,Intel Core i9-13900K,RTX 2070,8,Ultra,3840x2160,32,71.0
Call of Duty: Black Ops 6,Intel Core i9-14900K,RTX 3060 Ti,8,Ultra,2560x1440,32,53.0
DOOM: The Dark Ages,AMD Ryzen 7 9800X3D,RTX 4060 Ti,8,Ultra,2560x1440,32,49.2
STALKER 2,Intel Core i9-14900K,RTX 3070 Ti,8,Ultra,1920x1080,32,64.6
Counter-Strike 2,Intel Core i5-3570K,Vega 56,8,Ultra,1920x1080,16,148.0
Call of Duty: Black Ops 6,Intel Core i9-14900K,RTX 4070 Super,12,Ultra,1920x1080,32,149.0
Elden Ring,AMD Ryzen 7 5800X,RX 580,8,Ultra,2560x1440,16,33.7
DOOM Eternal,Intel Core i9-9900K,RX Vega 64,8,Ultra,1920x1080,16,136.2
God of War,AMD Ryzen 7 5800X,RTX 2070,8,Ultra,2560x1440,16,53.9
Death Stranding,Intel Core i9-9900K,GTX 1660,6,Ultra,1920x1080,16,79.4
STALKER 2,Intel Core i9-14900K,RTX 3090,24,Ultra,3840x2160,32,39.5
Star Wars Outlaws,Intel Core i9-14900K,RX 6900 XT,16,Ultra,1920x1080,32,74.1
Call of Duty: Black Ops 6,Intel Core i9-14900K,RTX 4060,8,Ultra,3840x2160,32,25.0
Red Dead Redemption 2,Intel Core i9-9900K,GTX 1070,8,Ultra,1920x1080,16,36.4
Counter-Strike 2,Intel Core i9-13900K,RTX 3050,8,Ultra,1920x1080,32,133.6
God of War Ragnarok,Intel Core i9-14900K,RTX 4060 Ti,16,Ultra,1920x1080,32,81.2
Death Stranding,Intel Core i9-9900K,GTX 1070 Ti,8,Ultra,2560x1440,16,64.8
Counter-Strike 2,Intel Core i9-13900K,RX 6400,4,Ultra,3840x2160,32,18.1
Baldur's Gate 3,Intel Core i9-13900K,RX 6600,8,Ultra,2560x1440,32,55.7
Death Stranding,Intel Core i9-9900K,GTX 1060,6,Ultra,2560x1440,16,42.2
Cyberpunk 2077,Intel Core i9-9900K,RX 5500 XT,4,Ultra,2560x1440,16,16.3
Cyberpunk 2077,Intel Core i9-13900K,RTX 3080,10,Ultra,2560x1440,32,70.9
Cyberpunk 2077,Intel Core i9-9900K,GTX 1660 Ti,6,Ultra,1920x1080,16,43.2
DOOM Eternal,Intel Core i9-9900K,RX 5700,8,Ultra,3840x2160,16,65.0
Star Wars Outlaws,Intel Core i9-14900K,RTX 3090 Ti,24,Ultra,1920x1080,32,100.7
Far Cry 6,AMD Ryzen 7 5800X,GTX 1070,8,Ultra,3840x2160,16,26.2
Counter-Strike 2,Intel Core i9-13900K,RTX 3080,10,Ultra,2560x1440,32,256.5
God of War Ragnarok,Intel Core i9-14900K,RX 7600,8,Ultra,1920x1080,32,52.4
God of War,AMD Ryzen 7 5800X,RTX 3080,10,Ultra,1920x1080,16,125.6
Senua's Saga: Hellblade II,Intel Core i9-14900K,RX 7900 XT,20,Ultra,1920x1080,32,87.7
